Format Version,1.24,Take Name,pinkFly06,Take Notes,,Capture Frame Rate,240.000000,Export Frame Rate,240.000000,Capture Start Time,2024-04-11 06.46.41.765 PM,Capture Start Frame,349837,Total Frames in Take,1165,Total Exported Frames,1165,Rotation Type,XYZ,Length Units,Millimeters,Coordinate Space,Global

,Type,Rigid Body,Rigid Body,Rigid Body,Rigid Body,Rigid Body,Rigid Body
,Name,V4Glider,V4Glider,V4Glider,V4Glider,V4Glider,V4Glider
,ID,9373EBC6F84F11EEBD9122A53CA86A8A,9373EBC6F84F11EEBD9122A53CA86A8A,9373EBC6F84F11EEBD9122A53CA86A8A,9373EBC6F84F11EEBD9122A53CA86A8A,9373EBC6F84F11EEBD9122A53CA86A8A,9373EBC6F84F11EEBD9122A53CA86A8A
,,Rotation,Rotation,Rotation,Position,Position,Position
Frame,Time (Seconds),X,Y,Z,X,Y,Z
0,0.000000,-0.000000,0.000000,-0.000000,0.000000,0.000000,0.000000
1,0.004167,-0.000000,0.000000,-0.000000,0.000000,0.000000,0.000000
2,0.008333,-0.000000,0.000000,-0.000000,0.000000,0.000000,0.000000
3,0.012500,-0.000000,0.000000,-0.000000,0.000000,0.000000,0.000000
4,0.016667,-0.000000,0.000000,-0.000000,0.000000,0.000000,0.000000
5,0.020833,-0.000000,0.000000,-0.000000,0.000000,0.000000,0.000000
6,0.025000,-0.000000,0.000000,-0.000000,0.000000,0.000000,0.000000
7,0.029167,-0.000000,0.000000,-0.000000,0.000000,0.000000,0.000000
8,0.033333,-0.000000,0.000000,-0.000000,0.000000,0.000000,0.000000
9,0.037500,-0.000000,0.000000,-0.000000,0.000000,0.000000,0.000000
10,0.041667,-0.000000,0.000000,-0.000000,0.000000,0.000000,0.000000
11,0.045833,-0.000000,0.000000,-0.000000,0.000000,0.000000,0.000000
12,0.050000,-0.000000,0.000000,-0.000000,0.000000,0.000000,0.000000
13,0.054167,-0.000000,0.000000,-0.000000,0.000000,0.000000,0.000000
14,0.058333,-0.000000,0.000000,-0.000000,0.000000,0.000000,0.000000
15,0.062500,-0.000000,0.000000,-0.000000,0.000000,0.000000,0.000000
16,0.066667,-0.000000,0.000000,-0.000000,0.000000,0.000000,0.000000
17,0.070833,-0.000000,0.000000,-0.000000,0.000000,0.000000,0.000000
18,0.075000,-0.000000,0.000000,-0.000000,0.000000,0.000000,0.000000
19,0.079167,-0.000000,0.000000,-0.000000,0.000000,0.000000,0.000000
20,0.083333,-0.000000,0.000000,-0.000000,0.000000,0.000000,0.000000
21,0.087500,-0.000000,0.000000,-0.000000,0.000000,0.000000,0.000000
22,0.091667,-0.000000,0.000000,-0.000000,0.000000,0.000000,0.000000
23,0.095833,-0.000000,0.000000,-0.000000,0.000000,0.000000,0.000000
24,0.100000,-0.000000,0.000000,-0.000000,0.000000,0.000000,0.000000
25,0.104167,-0.000000,0.000000,-0.000000,0.000000,0.000000,0.000000
26,0.108333,-0.000000,0.000000,-0.000000,0.000000,0.000000,0.000000
27,0.112500,-0.000000,0.000000,-0.000000,0.000000,0.000000,0.000000
28,0.116667,-0.000000,0.000000,-0.000000,0.000000,0.000000,0.000000
29,0.120833,-0.000000,0.000000,-0.000000,0.000000,0.000000,0.000000
30,0.125000,-0.000000,0.000000,-0.000000,0.000000,0.000000,0.000000
31,0.129167,-0.000000,0.000000,-0.000000,0.000000,0.000000,0.000000
32,0.133333,-0.000000,0.000000,-0.000000,0.000000,0.000000,0.000000
33,0.137500,-0.000000,0.000000,-0.000000,0.000000,0.000000,0.000000
34,0.141667,-0.000000,0.000000,-0.000000,0.000000,0.000000,0.000000
35,0.145833,-0.000000,0.000000,-0.000000,0.000000,0.000000,0.000000
36,0.150000,-0.000000,0.000000,-0.000000,0.000000,0.000000,0.000000
37,0.154167,-0.000000,0.000000,-0.000000,0.000000,0.000000,0.000000
38,0.158333,-0.000000,0.000000,-0.000000,0.000000,0.000000,0.000000
39,0.162500,-0.000000,0.000000,-0.000000,0.000000,0.000000,0.000000
40,0.166667,-0.000000,0.000000,-0.000000,0.000000,0.000000,0.000000
41,0.170833,-0.000000,0.000000,-0.000000,0.000000,0.000000,0.000000
42,0.175000,-0.000000,0.000000,-0.000000,0.000000,0.000000,0.000000
43,0.179167,-0.000000,0.000000,-0.000000,0.000000,0.000000,0.000000
44,0.183333,-0.000000,0.000000,-0.000000,0.000000,0.000000,0.000000
45,0.187500,-0.000000,0.000000,-0.000000,0.000000,0.000000,0.000000
46,0.191667,-0.000000,0.000000,-0.000000,0.000000,0.000000,0.000000
47,0.195833,-0.000000,0.000000,-0.000000,0.000000,0.000000,0.000000
48,0.200000,-0.000000,0.000000,-0.000000,0.000000,0.000000,0.000000
49,0.204167,-0.000000,0.000000,-0.000000,0.000000,0.000000,0.000000
50,0.208333,-0.000000,0.000000,-0.000000,0.000000,0.000000,0.000000
51,0.212500,-0.000000,0.000000,-0.000000,0.000000,0.000000,0.000000
52,0.216667,-0.000000,0.000000,-0.000000,0.000000,0.000000,0.000000
53,0.220833,-0.000000,0.000000,-0.000000,0.000000,0.000000,0.000000
54,0.225000,-0.000000,0.000000,-0.000000,0.000000,0.000000,0.000000
55,0.229167,-0.000000,0.000000,-0.000000,0.000000,0.000000,0.000000
56,0.233333,-0.000000,0.000000,-0.000000,0.000000,0.000000,0.000000
57,0.237500,-0.000000,0.000000,-0.000000,0.000000,0.000000,0.000000
58,0.241667,-0.000000,0.000000,-0.000000,0.000000,0.000000,0.000000
59,0.245833,-0.000000,0.000000,-0.000000,0.000000,0.000000,0.000000
60,0.250000,-0.000000,0.000000,-0.000000,0.000000,0.000000,0.000000
61,0.254167,-0.000000,0.000000,-0.000000,0.000000,0.000000,0.000000
62,0.258333,-0.000000,0.000000,-0.000000,0.000000,0.000000,0.000000
63,0.262500,-0.000000,0.000000,-0.000000,0.000000,0.000000,0.000000
64,0.266667,-0.000000,0.000000,-0.000000,0.000000,0.000000,0.000000
65,0.270833,-0.000000,0.000000,-0.000000,0.000000,0.000000,0.000000
66,0.275000,-0.000000,0.000000,-0.000000,0.000000,0.000000,0.000000
67,0.279167,-0.000000,0.000000,-0.000000,0.000000,0.000000,0.000000
68,0.283333,-0.000000,0.000000,-0.000000,0.000000,0.000000,0.000000
69,0.287500,-0.000000,0.000000,-0.000000,0.000000,0.000000,0.000000
70,0.291667,-0.000000,0.000000,-0.000000,0.000000,0.000000,0.000000
71,0.295833,-0.000000,0.000000,-0.000000,0.000000,0.000000,0.000000
72,0.300000,-0.000000,0.000000,-0.000000,0.000000,0.000000,0.000000
73,0.304167,-0.000000,0.000000,-0.000000,0.000000,0.000000,0.000000
74,0.308333,-0.000000,0.000000,-0.000000,0.000000,0.000000,0.000000
75,0.312500,-0.000000,0.000000,-0.000000,0.000000,0.000000,0.000000
76,0.316667,-0.000000,0.000000,-0.000000,0.000000,0.000000,0.000000
77,0.320833,-0.000000,0.000000,-0.000000,0.000000,0.000000,0.000000
78,0.325000,-0.000000,0.000000,-0.000000,0.000000,0.000000,0.000000
79,0.329167,-0.000000,0.000000,-0.000000,0.000000,0.000000,0.000000
80,0.333333,-0.000000,0.000000,-0.000000,0.000000,0.000000,0.000000
81,0.337500,-0.000000,0.000000,-0.000000,0.000000,0.000000,0.000000
82,0.341667,-0.000000,0.000000,-0.000000,0.000000,0.000000,0.000000
83,0.345833,-0.000000,0.000000,-0.000000,0.000000,0.000000,0.000000
84,0.350000,-0.000000,0.000000,-0.000000,0.000000,0.000000,0.000000
85,0.354167,-0.000000,0.000000,-0.000000,0.000000,0.000000,0.000000
86,0.358333,-0.000000,0.000000,-0.000000,0.000000,0.000000,0.000000
87,0.362500,-0.000000,0.000000,-0.000000,0.000000,0.000000,0.000000
88,0.366667,-0.000000,0.000000,-0.000000,0.000000,0.000000,0.000000
89,0.370833,-0.000000,0.000000,-0.000000,0.000000,0.000000,0.000000
90,0.375000,-0.000000,0.000000,-0.000000,0.000000,0.000000,0.000000
91,0.379167,-0.000000,0.000000,-0.000000,0.000000,0.000000,0.000000
92,0.383333,-0.000000,0.000000,-0.000000,0.000000,0.000000,0.000000
93,0.387500,-0.000000,0.000000,-0.000000,0.000000,0.000000,0.000000
94,0.391667,-0.000000,0.000000,-0.000000,0.000000,0.000000,0.000000
95,0.395833,-0.000000,0.000000,-0.000000,0.000000,0.000000,0.000000
96,0.400000,-0.000000,0.000000,-0.000000,0.000000,0.000000,0.000000
97,0.404167,-0.000000,0.000000,-0.000000,0.000000,0.000000,0.000000
98,0.408333,-0.000000,0.000000,-0.000000,0.000000,0.000000,0.000000
99,0.412500,-0.000000,0.000000,-0.000000,0.000000,0.000000,0.000000
100,0.416667,-0.000000,0.000000,-0.000000,0.000000,0.000000,0.000000
101,0.420833,-0.000000,0.000000,-0.000000,0.000000,0.000000,0.000000
102,0.425000,-0.000000,0.000000,-0.000000,0.000000,0.000000,0.000000
103,0.429167,-0.000000,0.000000,-0.000000,0.000000,0.000000,0.000000
104,0.433333,-0.000000,0.000000,-0.000000,0.000000,0.000000,0.000000
105,0.437500,-0.000000,0.000000,-0.000000,0.000000,0.000000,0.000000
106,0.441667,-0.000000,0.000000,-0.000000,0.000000,0.000000,0.000000
107,0.445833,-0.000000,0.000000,-0.000000,0.000000,0.000000,0.000000
108,0.450000,-0.000000,0.000000,-0.000000,0.000000,0.000000,0.000000
109,0.454167,-0.000000,0.000000,-0.000000,0.000000,0.000000,0.000000
110,0.458333,-0.000000,0.000000,-0.000000,0.000000,0.000000,0.000000
111,0.462500,-0.000000,0.000000,-0.000000,0.000000,0.000000,0.000000
112,0.466667,-0.000000,0.000000,-0.000000,0.000000,0.000000,0.000000
113,0.470833,-0.000000,0.000000,-0.000000,0.000000,0.000000,0.000000
114,0.475000,-0.000000,0.000000,-0.000000,0.000000,0.000000,0.000000
115,0.479167,-0.000000,0.000000,-0.000000,0.000000,0.000000,0.000000
116,0.483333,-0.000000,0.000000,-0.000000,0.000000,0.000000,0.000000
117,0.487500,-0.000000,0.000000,-0.000000,0.000000,0.000000,0.000000
118,0.491667,-0.000000,0.000000,-0.000000,0.000000,0.000000,0.000000
119,0.495833,-0.000000,0.000000,-0.000000,0.000000,0.000000,0.000000
120,0.500000,-0.000000,0.000000,-0.000000,0.000000,0.000000,0.000000
121,0.504167,-0.000000,0.000000,-0.000000,0.000000,0.000000,0.000000
122,0.508333,-0.000000,0.000000,-0.000000,0.000000,0.000000,0.000000
123,0.512500,-0.000000,0.000000,-0.000000,0.000000,0.000000,0.000000
124,0.516667,-0.000000,0.000000,-0.000000,0.000000,0.000000,0.000000
125,0.520833,-0.000000,0.000000,-0.000000,0.000000,0.000000,0.000000
126,0.525000,-0.000000,0.000000,-0.000000,0.000000,0.000000,0.000000
127,0.529167,-0.000000,0.000000,-0.000000,0.000000,0.000000,0.000000
128,0.533333,-0.000000,0.000000,-0.000000,0.000000,0.000000,0.000000
129,0.537500,-0.000000,0.000000,-0.000000,0.000000,0.000000,0.000000
130,0.541667,-0.000000,0.000000,-0.000000,0.000000,0.000000,0.000000
131,0.545833,-0.000000,0.000000,-0.000000,0.000000,0.000000,0.000000
132,0.550000,-0.000000,0.000000,-0.000000,0.000000,0.000000,0.000000
133,0.554167,-0.000000,0.000000,-0.000000,0.000000,0.000000,0.000000
134,0.558333,-0.000000,0.000000,-0.000000,0.000000,0.000000,0.000000
135,0.562500,-0.000000,0.000000,-0.000000,0.000000,0.000000,0.000000
136,0.566667,-0.000000,0.000000,-0.000000,0.000000,0.000000,0.000000
137,0.570833,-0.000000,0.000000,-0.000000,0.000000,0.000000,0.000000
138,0.575000,-0.000000,0.000000,-0.000000,0.000000,0.000000,0.000000
139,0.579167,-0.000000,0.000000,-0.000000,0.000000,0.000000,0.000000
140,0.583333,-0.000000,0.000000,-0.000000,0.000000,0.000000,0.000000
141,0.587500,-0.000000,0.000000,-0.000000,0.000000,0.000000,0.000000
142,0.591667,-0.000000,0.000000,-0.000000,0.000000,0.000000,0.000000
143,0.595833,-0.000000,0.000000,-0.000000,0.000000,0.000000,0.000000
144,0.600000,-0.000000,0.000000,-0.000000,0.000000,0.000000,0.000000
145,0.604167,-0.000000,0.000000,-0.000000,0.000000,0.000000,0.000000
146,0.608333,-0.000000,0.000000,-0.000000,0.000000,0.000000,0.000000
147,0.612500,-0.000000,0.000000,-0.000000,0.000000,0.000000,0.000000
148,0.616667,-0.000000,0.000000,-0.000000,0.000000,0.000000,0.000000
149,0.620833,-0.000000,0.000000,-0.000000,0.000000,0.000000,0.000000
150,0.625000,-0.000000,0.000000,-0.000000,0.000000,0.000000,0.000000
151,0.629167,-0.000000,0.000000,-0.000000,0.000000,0.000000,0.000000
152,0.633333,-0.000000,0.000000,-0.000000,0.000000,0.000000,0.000000
153,0.637500,-0.000000,0.000000,-0.000000,0.000000,0.000000,0.000000
154,0.641667,-0.000000,0.000000,-0.000000,0.000000,0.000000,0.000000
155,0.645833,-0.000000,0.000000,-0.000000,0.000000,0.000000,0.000000
156,0.650000,-0.000000,0.000000,-0.000000,0.000000,0.000000,0.000000
157,0.654167,-0.000000,0.000000,-0.000000,0.000000,0.000000,0.000000
158,0.658333,-0.000000,0.000000,-0.000000,0.000000,0.000000,0.000000
159,0.662500,-0.000000,0.000000,-0.000000,0.000000,0.000000,0.000000
160,0.666667,-0.000000,0.000000,-0.000000,0.000000,0.000000,0.000000
161,0.670833,-0.000000,0.000000,-0.000000,0.000000,0.000000,0.000000
162,0.675000,-0.000000,0.000000,-0.000000,0.000000,0.000000,0.000000
163,0.679167,-0.000000,0.000000,-0.000000,0.000000,0.000000,0.000000
164,0.683333,-0.000000,0.000000,-0.000000,0.000000,0.000000,0.000000
165,0.687500,-0.000000,0.000000,-0.000000,0.000000,0.000000,0.000000
166,0.691667,-0.000000,0.000000,-0.000000,0.000000,0.000000,0.000000
167,0.695833,-0.000000,0.000000,-0.000000,0.000000,0.000000,0.000000
168,0.700000,-0.000000,0.000000,-0.000000,0.000000,0.000000,0.000000
169,0.704167,-0.000000,0.000000,-0.000000,0.000000,0.000000,0.000000
170,0.708333,-0.000000,0.000000,-0.000000,0.000000,0.000000,0.000000
171,0.712500,-0.000000,0.000000,-0.000000,0.000000,0.000000,0.000000
172,0.716667,-0.000000,0.000000,-0.000000,0.000000,0.000000,0.000000
173,0.720833,-0.000000,0.000000,-0.000000,0.000000,0.000000,0.000000
174,0.725000,-0.000000,0.000000,-0.000000,0.000000,0.000000,0.000000
175,0.729167,-0.000000,0.000000,-0.000000,0.000000,0.000000,0.000000
176,0.733333,-0.000000,0.000000,-0.000000,0.000000,0.000000,0.000000
177,0.737500,-0.000000,0.000000,-0.000000,0.000000,0.000000,0.000000
178,0.741667,-0.000000,0.000000,-0.000000,0.000000,0.000000,0.000000
179,0.745833,-0.000000,0.000000,-0.000000,0.000000,0.000000,0.000000
180,0.750000,-0.000000,0.000000,-0.000000,0.000000,0.000000,0.000000
181,0.754167,-0.000000,0.000000,-0.000000,0.000000,0.000000,0.000000
182,0.758333,-0.000000,0.000000,-0.000000,0.000000,0.000000,0.000000
183,0.762500,-0.000000,0.000000,-0.000000,0.000000,0.000000,0.000000
184,0.766667,-0.000000,0.000000,-0.000000,0.000000,0.000000,0.000000
185,0.770833,-0.000000,0.000000,-0.000000,0.000000,0.000000,0.000000
186,0.775000,-0.000000,0.000000,-0.000000,0.000000,0.000000,0.000000
187,0.779167,-0.000000,0.000000,-0.000000,0.000000,0.000000,0.000000
188,0.783333,-0.000000,0.000000,-0.000000,0.000000,0.000000,0.000000
189,0.787500,-0.000000,0.000000,-0.000000,0.000000,0.000000,0.000000
190,0.791667,-0.000000,0.000000,-0.000000,0.000000,0.000000,0.000000
191,0.795833,-0.000000,0.000000,-0.000000,0.000000,0.000000,0.000000
192,0.800000,-0.000000,0.000000,-0.000000,0.000000,0.000000,0.000000
193,0.804167,-0.000000,0.000000,-0.000000,0.000000,0.000000,0.000000
194,0.808333,-0.000000,0.000000,-0.000000,0.000000,0.000000,0.000000
195,0.812500,-0.000000,0.000000,-0.000000,0.000000,0.000000,0.000000
196,0.816667,-0.000000,0.000000,-0.000000,0.000000,0.000000,0.000000
197,0.820833,-0.000000,0.000000,-0.000000,0.000000,0.000000,0.000000
198,0.825000,-0.000000,0.000000,-0.000000,0.000000,0.000000,0.000000
199,0.829167,-0.000000,0.000000,-0.000000,0.000000,0.000000,0.000000
200,0.833333,-0.000000,0.000000,-0.000000,0.000000,0.000000,0.000000
201,0.837500,-0.000000,0.000000,-0.000000,0.000000,0.000000,0.000000
202,0.841667,-0.000000,0.000000,-0.000000,0.000000,0.000000,0.000000
203,0.845833,-0.000000,0.000000,-0.000000,0.000000,0.000000,0.000000
204,0.850000,-0.000000,0.000000,-0.000000,0.000000,0.000000,0.000000
205,0.854167,-0.000000,0.000000,-0.000000,0.000000,0.000000,0.000000
206,0.858333,-0.000000,0.000000,-0.000000,0.000000,0.000000,0.000000
207,0.862500,-0.000000,0.000000,-0.000000,0.000000,0.000000,0.000000
208,0.866667,-0.000000,0.000000,-0.000000,0.000000,0.000000,0.000000
209,0.870833,-0.000000,0.000000,-0.000000,0.000000,0.000000,0.000000
210,0.875000,-0.000000,0.000000,-0.000000,0.000000,0.000000,0.000000
211,0.879167,-0.000000,0.000000,-0.000000,0.000000,0.000000,0.000000
212,0.883333,-0.000000,0.000000,-0.000000,0.000000,0.000000,0.000000
213,0.887500,-0.000000,0.000000,-0.000000,0.000000,0.000000,0.000000
214,0.891667,-0.000000,0.000000,-0.000000,0.000000,0.000000,0.000000
215,0.895833,-0.000000,0.000000,-0.000000,0.000000,0.000000,0.000000
216,0.900000,-0.000000,0.000000,-0.000000,0.000000,0.000000,0.000000
217,0.904167,-0.000000,0.000000,-0.000000,0.000000,0.000000,0.000000
218,0.908333,-0.000000,0.000000,-0.000000,0.000000,0.000000,0.000000
219,0.912500,-0.000000,0.000000,-0.000000,0.000000,0.000000,0.000000
220,0.916667,-0.000000,0.000000,-0.000000,0.000000,0.000000,0.000000
221,0.920833,-0.000000,0.000000,-0.000000,0.000000,0.000000,0.000000
222,0.925000,-0.000000,0.000000,-0.000000,0.000000,0.000000,0.000000
223,0.929167,-0.000000,0.000000,-0.000000,0.000000,0.000000,0.000000
224,0.933333,-0.000000,0.000000,-0.000000,0.000000,0.000000,0.000000
225,0.937500,-0.000000,0.000000,-0.000000,0.000000,0.000000,0.000000
226,0.941667,-0.000000,0.000000,-0.000000,0.000000,0.000000,0.000000
227,0.945833,-0.000000,0.000000,-0.000000,0.000000,0.000000,0.000000
228,0.950000,-0.000000,0.000000,-0.000000,0.000000,0.000000,0.000000
229,0.954167,-0.000000,0.000000,-0.000000,0.000000,0.000000,0.000000
230,0.958333,-0.000000,0.000000,-0.000000,0.000000,0.000000,0.000000
231,0.962500,-0.000000,0.000000,-0.000000,0.000000,0.000000,0.000000
232,0.966667,-0.000000,0.000000,-0.000000,0.000000,0.000000,0.000000
233,0.970833,-0.000000,0.000000,-0.000000,0.000000,0.000000,0.000000
234,0.975000,-0.000000,0.000000,-0.000000,0.000000,0.000000,0.000000
235,0.979167,-0.000000,0.000000,-0.000000,0.000000,0.000000,0.000000
236,0.983333,-0.000000,0.000000,-0.000000,0.000000,0.000000,0.000000
237,0.987500,-0.000000,0.000000,-0.000000,0.000000,0.000000,0.000000
238,0.991667,-0.000000,0.000000,-0.000000,0.000000,0.000000,0.000000
239,0.995833,-0.000000,0.000000,-0.000000,0.000000,0.000000,0.000000
240,1.000000,-0.000000,0.000000,-0.000000,0.000000,0.000000,0.000000
241,1.004167,-0.000000,0.000000,-0.000000,0.000000,0.000000,0.000000
242,1.008333,-0.000000,0.000000,-0.000000,0.000000,0.000000,0.000000
243,1.012500,-0.000000,0.000000,-0.000000,0.000000,0.000000,0.000000
244,1.016667,-0.000000,0.000000,-0.000000,0.000000,0.000000,0.000000
245,1.020833,-0.000000,0.000000,-0.000000,0.000000,0.000000,0.000000
246,1.025000,-0.000000,0.000000,-0.000000,0.000000,0.000000,0.000000
247,1.029167,-0.000000,0.000000,-0.000000,0.000000,0.000000,0.000000
248,1.033333,-0.000000,0.000000,-0.000000,0.000000,0.000000,0.000000
249,1.037500,-0.000000,0.000000,-0.000000,0.000000,0.000000,0.000000
250,1.041667,-0.000000,0.000000,-0.000000,0.000000,0.000000,0.000000
251,1.045833,-0.000000,0.000000,-0.000000,0.000000,0.000000,0.000000
252,1.050000,-0.000000,0.000000,-0.000000,0.000000,0.000000,0.000000
253,1.054167,-0.000000,0.000000,-0.000000,0.000000,0.000000,0.000000
254,1.058333,-0.000000,0.000000,-0.000000,0.000000,0.000000,0.000000
255,1.062500,-0.000000,0.000000,-0.000000,0.000000,0.000000,0.000000
256,1.066667,-0.000000,0.000000,-0.000000,0.000000,0.000000,0.000000
257,1.070833,-0.000000,0.000000,-0.000000,0.000000,0.000000,0.000000
258,1.075000,-0.000000,0.000000,-0.000000,0.000000,0.000000,0.000000
259,1.079167,-0.000000,0.000000,-0.000000,0.000000,0.000000,0.000000
260,1.083333,-0.000000,0.000000,-0.000000,0.000000,0.000000,0.000000
261,1.087500,-0.000000,0.000000,-0.000000,0.000000,0.000000,0.000000
262,1.091667,-0.000000,0.000000,-0.000000,0.000000,0.000000,0.000000
263,1.095833,-0.000000,0.000000,-0.000000,0.000000,0.000000,0.000000
264,1.100000,-0.000000,0.000000,-0.000000,0.000000,0.000000,0.000000
265,1.104167,-0.000000,0.000000,-0.000000,0.000000,0.000000,0.000000
266,1.108333,-0.000000,0.000000,-0.000000,0.000000,0.000000,0.000000
267,1.112500,-0.000000,0.000000,-0.000000,0.000000,0.000000,0.000000
268,1.116667,-0.000000,0.000000,-0.000000,0.000000,0.000000,0.000000
269,1.120833,-0.000000,0.000000,-0.000000,0.000000,0.000000,0.000000
270,1.125000,-0.000000,0.000000,-0.000000,0.000000,0.000000,0.000000
271,1.129167,-0.000000,0.000000,-0.000000,0.000000,0.000000,0.000000
272,1.133333,-0.000000,0.000000,-0.000000,0.000000,0.000000,0.000000
273,1.137500,-0.000000,0.000000,-0.000000,0.000000,0.000000,0.000000
274,1.141667,-0.000000,0.000000,-0.000000,0.000000,0.000000,0.000000
275,1.145833,-0.000000,0.000000,-0.000000,0.000000,0.000000,0.000000
276,1.150000,-0.000000,0.000000,-0.000000,0.000000,0.000000,0.000000
277,1.154167,-0.000000,0.000000,-0.000000,0.000000,0.000000,0.000000
278,1.158333,-0.000000,0.000000,-0.000000,0.000000,0.000000,0.000000
279,1.162500,-0.000000,0.000000,-0.000000,0.000000,0.000000,0.000000
280,1.166667,-0.000000,0.000000,-0.000000,0.000000,0.000000,0.000000
281,1.170833,-0.000000,0.000000,-0.000000,0.000000,0.000000,0.000000
282,1.175000,-0.000000,0.000000,-0.000000,0.000000,0.000000,0.000000
283,1.179167,-0.000000,0.000000,-0.000000,0.000000,0.000000,0.000000
284,1.183333,-0.000000,0.000000,-0.000000,0.000000,0.000000,0.000000
285,1.187500,-0.000000,0.000000,-0.000000,0.000000,0.000000,0.000000
286,1.191667,-0.000000,0.000000,-0.000000,0.000000,0.000000,0.000000
287,1.195833,-0.000000,0.000000,-0.000000,0.000000,0.000000,0.000000
288,1.200000,-0.000000,0.000000,-0.000000,0.000000,0.000000,0.000000
289,1.204167,-0.000000,0.000000,-0.000000,0.000000,0.000000,0.000000
290,1.208333,-0.000000,0.000000,-0.000000,0.000000,0.000000,0.000000
291,1.212500,-0.000000,0.000000,-0.000000,0.000000,0.000000,0.000000
292,1.216667,-0.000000,0.000000,-0.000000,0.000000,0.000000,0.000000
293,1.220833,-0.000000,0.000000,-0.000000,0.000000,0.000000,0.000000
294,1.225000,-0.000000,0.000000,-0.000000,0.000000,0.000000,0.000000
295,1.229167,-0.000000,0.000000,-0.000000,0.000000,0.000000,0.000000
296,1.233333,-0.000000,0.000000,-0.000000,0.000000,0.000000,0.000000
297,1.237500,-0.000000,0.000000,-0.000000,0.000000,0.000000,0.000000
298,1.241667,-0.000000,0.000000,-0.000000,0.000000,0.000000,0.000000
299,1.245833,-0.000000,0.000000,-0.000000,0.000000,0.000000,0.000000
300,1.250000,-0.000000,0.000000,-0.000000,0.000000,0.000000,0.000000
301,1.254167,-0.000000,0.000000,-0.000000,0.000000,0.000000,0.000000
302,1.258333,-0.000000,0.000000,-0.000000,0.000000,0.000000,0.000000
303,1.262500,-0.000000,0.000000,-0.000000,0.000000,0.000000,0.000000
304,1.266667,-0.000000,0.000000,-0.000000,0.000000,0.000000,0.000000
305,1.270833,-0.000000,0.000000,-0.000000,0.000000,0.000000,0.000000
306,1.275000,-0.000000,0.000000,-0.000000,0.000000,0.000000,0.000000
307,1.279167,-0.000000,0.000000,-0.000000,0.000000,0.000000,0.000000
308,1.283333,-0.000000,0.000000,-0.000000,0.000000,0.000000,0.000000
309,1.287500,-0.000000,0.000000,-0.000000,0.000000,0.000000,0.000000
310,1.291667,-0.000000,0.000000,-0.000000,0.000000,0.000000,0.000000
311,1.295833,-0.000000,0.000000,-0.000000,0.000000,0.000000,0.000000
312,1.300000,-0.000000,0.000000,-0.000000,0.000000,0.000000,0.000000
313,1.304167,-0.000000,0.000000,-0.000000,0.000000,0.000000,0.000000
314,1.308333,-0.000000,0.000000,-0.000000,0.000000,0.000000,0.000000
315,1.312500,-0.000000,0.000000,-0.000000,0.000000,0.000000,0.000000
316,1.316667,-0.000000,0.000000,-0.000000,0.000000,0.000000,0.000000
317,1.320833,-0.000000,0.000000,-0.000000,0.000000,0.000000,0.000000
318,1.325000,-0.000000,0.000000,-0.000000,0.000000,0.000000,0.000000
319,1.329167,-0.000000,0.000000,-0.000000,0.000000,0.000000,0.000000
320,1.333333,-0.000000,0.000000,-0.000000,0.000000,0.000000,0.000000
321,1.337500,-0.000000,0.000000,-0.000000,0.000000,0.000000,0.000000
322,1.341667,-0.000000,0.000000,-0.000000,0.000000,0.000000,0.000000
323,1.345833,-0.000000,0.000000,-0.000000,0.000000,0.000000,0.000000
324,1.350000,-0.000000,0.000000,-0.000000,0.000000,0.000000,0.000000
325,1.354167,-0.000000,0.000000,-0.000000,0.000000,0.000000,0.000000
326,1.358333,-0.000000,0.000000,-0.000000,0.000000,0.000000,0.000000
327,1.362500,-0.000000,0.000000,-0.000000,0.000000,0.000000,0.000000
328,1.366667,-0.000000,0.000000,-0.000000,0.000000,0.000000,0.000000
329,1.370833,-0.000000,0.000000,-0.000000,0.000000,0.000000,0.000000
330,1.375000,-0.000000,0.000000,-0.000000,0.000000,0.000000,0.000000
331,1.379167,-0.000000,0.000000,-0.000000,0.000000,0.000000,0.000000
332,1.383333,-0.000000,0.000000,-0.000000,0.000000,0.000000,0.000000
333,1.387500,-0.000000,0.000000,-0.000000,0.000000,0.000000,0.000000
334,1.391667,-0.000000,0.000000,-0.000000,0.000000,0.000000,0.000000
335,1.395833,-0.000000,0.000000,-0.000000,0.000000,0.000000,0.000000
336,1.400000,-0.000000,0.000000,-0.000000,0.000000,0.000000,0.000000
337,1.404167,-0.000000,0.000000,-0.000000,0.000000,0.000000,0.000000
338,1.408333,-0.000000,0.000000,-0.000000,0.000000,0.000000,0.000000
339,1.412500,-0.000000,0.000000,-0.000000,0.000000,0.000000,0.000000
340,1.416667,-0.000000,0.000000,-0.000000,0.000000,0.000000,0.000000
341,1.420833,-0.000000,0.000000,-0.000000,0.000000,0.000000,0.000000
342,1.425000,-0.000000,0.000000,-0.000000,0.000000,0.000000,0.000000
343,1.429167,-0.000000,0.000000,-0.000000,0.000000,0.000000,0.000000
344,1.433333,-0.000000,0.000000,-0.000000,0.000000,0.000000,0.000000
345,1.437500,-0.000000,0.000000,-0.000000,0.000000,0.000000,0.000000
346,1.441667,-0.000000,0.000000,-0.000000,0.000000,0.000000,0.000000
347,1.445833,-0.000000,0.000000,-0.000000,0.000000,0.000000,0.000000
348,1.450000,-0.000000,0.000000,-0.000000,0.000000,0.000000,0.000000
349,1.454167,-0.000000,0.000000,-0.000000,0.000000,0.000000,0.000000
350,1.458333,-0.000000,0.000000,-0.000000,0.000000,0.000000,0.000000
351,1.462500,-0.000000,0.000000,-0.000000,0.000000,0.000000,0.000000
352,1.466667,-0.000000,0.000000,-0.000000,0.000000,0.000000,0.000000
353,1.470833,-0.000000,0.000000,-0.000000,0.000000,0.000000,0.000000
354,1.475000,-0.000000,0.000000,-0.000000,0.000000,0.000000,0.000000
355,1.479167,-0.000000,0.000000,-0.000000,0.000000,0.000000,0.000000
356,1.483333,-0.000000,0.000000,-0.000000,0.000000,0.000000,0.000000
357,1.487500,-0.000000,0.000000,-0.000000,0.000000,0.000000,0.000000
358,1.491667,-0.000000,0.000000,-0.000000,0.000000,0.000000,0.000000
359,1.495833,-0.000000,0.000000,-0.000000,0.000000,0.000000,0.000000
360,1.500000,-0.000000,0.000000,-0.000000,0.000000,0.000000,0.000000
361,1.504167,-0.000000,0.000000,-0.000000,0.000000,0.000000,0.000000
362,1.508333,-0.000000,0.000000,-0.000000,0.000000,0.000000,0.000000
363,1.512500,-0.000000,0.000000,-0.000000,0.000000,0.000000,0.000000
364,1.516667,-0.000000,0.000000,-0.000000,0.000000,0.000000,0.000000
365,1.520833,-0.000000,0.000000,-0.000000,0.000000,0.000000,0.000000
366,1.525000,-0.000000,0.000000,-0.000000,0.000000,0.000000,0.000000
367,1.529167,-0.000000,0.000000,-0.000000,0.000000,0.000000,0.000000
368,1.533333,-0.000000,0.000000,-0.000000,0.000000,0.000000,0.000000
369,1.537500,-0.000000,0.000000,-0.000000,0.000000,0.000000,0.000000
370,1.541667,-0.000000,0.000000,-0.000000,0.000000,0.000000,0.000000
371,1.545833,-0.000000,0.000000,-0.000000,0.000000,0.000000,0.000000
372,1.550000,-0.000000,0.000000,-0.000000,0.000000,0.000000,0.000000
373,1.554167,-0.000000,0.000000,-0.000000,0.000000,0.000000,0.000000
374,1.558333,-0.000000,0.000000,-0.000000,0.000000,0.000000,0.000000
375,1.562500,-0.000000,0.000000,-0.000000,0.000000,0.000000,0.000000
376,1.566667,-0.000000,0.000000,-0.000000,0.000000,0.000000,0.000000
377,1.570833,-0.000000,0.000000,-0.000000,0.000000,0.000000,0.000000
378,1.575000,-0.000000,0.000000,-0.000000,0.000000,0.000000,0.000000
379,1.579167,-0.000000,0.000000,-0.000000,0.000000,0.000000,0.000000
380,1.583333,-0.000000,0.000000,-0.000000,0.000000,0.000000,0.000000
381,1.587500,-0.000000,0.000000,-0.000000,0.000000,0.000000,0.000000
382,1.591667,-0.000000,0.000000,-0.000000,0.000000,0.000000,0.000000
383,1.595833,-0.000000,0.000000,-0.000000,0.000000,0.000000,0.000000
384,1.600000,-0.000000,0.000000,-0.000000,0.000000,0.000000,0.000000
385,1.604167,-0.000000,0.000000,-0.000000,0.000000,0.000000,0.000000
386,1.608333,-0.000000,0.000000,-0.000000,0.000000,0.000000,0.000000
387,1.612500,-0.000000,0.000000,-0.000000,0.000000,0.000000,0.000000
388,1.616667,-0.000000,0.000000,-0.000000,0.000000,0.000000,0.000000
389,1.620833,-0.000000,0.000000,-0.000000,0.000000,0.000000,0.000000
390,1.625000,-0.000000,0.000000,-0.000000,0.000000,0.000000,0.000000
391,1.629167,-0.000000,0.000000,-0.000000,0.000000,0.000000,0.000000
392,1.633333,-0.000000,0.000000,-0.000000,0.000000,0.000000,0.000000
393,1.637500,-0.000000,0.000000,-0.000000,0.000000,0.000000,0.000000
394,1.641667,-0.000000,0.000000,-0.000000,0.000000,0.000000,0.000000
395,1.645833,-0.000000,0.000000,-0.000000,0.000000,0.000000,0.000000
396,1.650000,-0.000000,0.000000,-0.000000,0.000000,0.000000,0.000000
397,1.654167,-0.000000,0.000000,-0.000000,0.000000,0.000000,0.000000
398,1.658333,-0.000000,0.000000,-0.000000,0.000000,0.000000,0.000000
399,1.662500,-0.000000,0.000000,-0.000000,0.000000,0.000000,0.000000
400,1.666667,-0.000000,0.000000,-0.000000,0.000000,0.000000,0.000000
401,1.670833,-0.000000,0.000000,-0.000000,0.000000,0.000000,0.000000
402,1.675000,-0.000000,0.000000,-0.000000,0.000000,0.000000,0.000000
403,1.679167,-0.000000,0.000000,-0.000000,0.000000,0.000000,0.000000
404,1.683333,-0.000000,0.000000,-0.000000,0.000000,0.000000,0.000000
405,1.687500,-0.000000,0.000000,-0.000000,0.000000,0.000000,0.000000
406,1.691667,-0.000000,0.000000,-0.000000,0.000000,0.000000,0.000000
407,1.695833,-0.000000,0.000000,-0.000000,0.000000,0.000000,0.000000
408,1.700000,-0.000000,0.000000,-0.000000,0.000000,0.000000,0.000000
409,1.704167,-0.000000,0.000000,-0.000000,0.000000,0.000000,0.000000
410,1.708333,-0.000000,0.000000,-0.000000,0.000000,0.000000,0.000000
411,1.712500,-0.000000,0.000000,-0.000000,0.000000,0.000000,0.000000
412,1.716667,-0.000000,0.000000,-0.000000,0.000000,0.000000,0.000000
413,1.720833,-0.000000,0.000000,-0.000000,0.000000,0.000000,0.000000
414,1.725000,-0.000000,0.000000,-0.000000,0.000000,0.000000,0.000000
415,1.729167,-0.000000,0.000000,-0.000000,0.000000,0.000000,0.000000
416,1.733333,-0.000000,0.000000,-0.000000,0.000000,0.000000,0.000000
417,1.737500,-0.000000,0.000000,-0.000000,0.000000,0.000000,0.000000
418,1.741667,-0.000000,0.000000,-0.000000,0.000000,0.000000,0.000000
419,1.745833,-0.000000,0.000000,-0.000000,0.000000,0.000000,0.000000
420,1.750000,-0.000000,0.000000,-0.000000,0.000000,0.000000,0.000000
421,1.754167,-0.000000,0.000000,-0.000000,0.000000,0.000000,0.000000
422,1.758333,-0.000000,0.000000,-0.000000,0.000000,0.000000,0.000000
423,1.762500,-0.000000,0.000000,-0.000000,0.000000,0.000000,0.000000
424,1.766667,-0.000000,0.000000,-0.000000,0.000000,0.000000,0.000000
425,1.770833,-0.000000,0.000000,-0.000000,0.000000,0.000000,0.000000
426,1.775000,-0.000000,0.000000,-0.000000,0.000000,0.000000,0.000000
427,1.779167,-0.000000,0.000000,-0.000000,0.000000,0.000000,0.000000
428,1.783333,-0.000000,0.000000,-0.000000,0.000000,0.000000,0.000000
429,1.787500,-0.000000,0.000000,-0.000000,0.000000,0.000000,0.000000
430,1.791667,-0.000000,0.000000,-0.000000,0.000000,0.000000,0.000000
431,1.795833,-0.000000,0.000000,-0.000000,0.000000,0.000000,0.000000
432,1.800000,-0.000000,0.000000,-0.000000,0.000000,0.000000,0.000000
433,1.804167,-0.000000,0.000000,-0.000000,0.000000,0.000000,0.000000
434,1.808333,-0.000000,0.000000,-0.000000,0.000000,0.000000,0.000000
435,1.812500,-0.000000,0.000000,-0.000000,0.000000,0.000000,0.000000
436,1.816667,-0.000000,0.000000,-0.000000,0.000000,0.000000,0.000000
437,1.820833,-0.000000,0.000000,-0.000000,0.000000,0.000000,0.000000
438,1.825000,-0.000000,0.000000,-0.000000,0.000000,0.000000,0.000000
439,1.829167,-0.000000,0.000000,-0.000000,0.000000,0.000000,0.000000
440,1.833333,-0.000000,0.000000,-0.000000,0.000000,0.000000,0.000000
441,1.837500,-0.000000,0.000000,-0.000000,0.000000,0.000000,0.000000
442,1.841667,-0.000000,0.000000,-0.000000,0.000000,0.000000,0.000000
443,1.845833,-0.000000,0.000000,-0.000000,0.000000,0.000000,0.000000
444,1.850000,-0.000000,0.000000,-0.000000,0.000000,0.000000,0.000000
445,1.854167,-0.000000,0.000000,-0.000000,0.000000,0.000000,0.000000
446,1.858333,-0.000000,0.000000,-0.000000,0.000000,0.000000,0.000000
447,1.862500,-0.000000,0.000000,-0.000000,0.000000,0.000000,0.000000
448,1.866667,-0.000000,0.000000,-0.000000,0.000000,0.000000,0.000000
449,1.870833,-0.000000,0.000000,-0.000000,0.000000,0.000000,0.000000
450,1.875000,-0.000000,0.000000,-0.000000,0.000000,0.000000,0.000000
451,1.879167,-0.000000,0.000000,-0.000000,0.000000,0.000000,0.000000
452,1.883333,-0.000000,0.000000,-0.000000,0.000000,0.000000,0.000000
453,1.887500,-0.000000,0.000000,-0.000000,0.000000,0.000000,0.000000
454,1.891667,-0.000000,0.000000,-0.000000,0.000000,0.000000,0.000000
455,1.895833,-0.000000,0.000000,-0.000000,0.000000,0.000000,0.000000
456,1.900000,-0.000000,0.000000,-0.000000,0.000000,0.000000,0.000000
457,1.904167,-0.000000,0.000000,-0.000000,0.000000,0.000000,0.000000
458,1.908333,-0.000000,0.000000,-0.000000,0.000000,0.000000,0.000000
459,1.912500,-0.000000,0.000000,-0.000000,0.000000,0.000000,0.000000
460,1.916667,-0.000000,0.000000,-0.000000,0.000000,0.000000,0.000000
461,1.920833,-0.000000,0.000000,-0.000000,0.000000,0.000000,0.000000
462,1.925000,-0.000000,0.000000,-0.000000,0.000000,0.000000,0.000000
463,1.929167,-0.000000,0.000000,-0.000000,0.000000,0.000000,0.000000
464,1.933333,-0.000000,0.000000,-0.000000,0.000000,0.000000,0.000000
465,1.937500,-0.000000,0.000000,-0.000000,0.000000,0.000000,0.000000
466,1.941667,-0.000000,0.000000,-0.000000,0.000000,0.000000,0.000000
467,1.945833,-0.000000,0.000000,-0.000000,0.000000,0.000000,0.000000
468,1.950000,-0.000000,0.000000,-0.000000,0.000000,0.000000,0.000000
469,1.954167,-0.000000,0.000000,-0.000000,0.000000,0.000000,0.000000
470,1.958333,-0.000000,0.000000,-0.000000,0.000000,0.000000,0.000000
471,1.962500,-0.000000,0.000000,-0.000000,0.000000,0.000000,0.000000
472,1.966667,-0.000000,0.000000,-0.000000,0.000000,0.000000,0.000000
473,1.970833,-0.000000,0.000000,-0.000000,0.000000,0.000000,0.000000
474,1.975000,-0.000000,0.000000,-0.000000,0.000000,0.000000,0.000000
475,1.979167,-0.000000,0.000000,-0.000000,0.000000,0.000000,0.000000
476,1.983333,-0.000000,0.000000,-0.000000,0.000000,0.000000,0.000000
477,1.987500,-0.000000,0.000000,-0.000000,0.000000,0.000000,0.000000
478,1.991667,-0.000000,0.000000,-0.000000,0.000000,0.000000,0.000000
479,1.995833,-0.000000,0.000000,-0.000000,0.000000,0.000000,0.000000
480,2.000000,-0.000000,0.000000,-0.000000,0.000000,0.000000,0.000000
481,2.004167,-0.000000,0.000000,-0.000000,0.000000,0.000000,0.000000
482,2.008333,-0.000000,0.000000,-0.000000,0.000000,0.000000,0.000000
483,2.012500,-0.000000,0.000000,-0.000000,0.000000,0.000000,0.000000
484,2.016667,-0.000000,0.000000,-0.000000,0.000000,0.000000,0.000000
485,2.020833,-0.000000,0.000000,-0.000000,0.000000,0.000000,0.000000
486,2.025000,-0.000000,0.000000,-0.000000,0.000000,0.000000,0.000000
487,2.029167,-0.000000,0.000000,-0.000000,0.000000,0.000000,0.000000
488,2.033333,-0.000000,0.000000,-0.000000,0.000000,0.000000,0.000000
489,2.037500,-0.000000,0.000000,-0.000000,0.000000,0.000000,0.000000
490,2.041667,-0.000000,0.000000,-0.000000,0.000000,0.000000,0.000000
491,2.045833,-0.000000,0.000000,-0.000000,0.000000,0.000000,0.000000
492,2.050000,-0.000000,0.000000,-0.000000,0.000000,0.000000,0.000000
493,2.054167,-0.000000,0.000000,-0.000000,0.000000,0.000000,0.000000
494,2.058333,-0.000000,0.000000,-0.000000,0.000000,0.000000,0.000000
495,2.062500,-0.000000,0.000000,-0.000000,0.000000,0.000000,0.000000
496,2.066667,-0.000000,0.000000,-0.000000,0.000000,0.000000,0.000000
497,2.070833,-0.000000,0.000000,-0.000000,0.000000,0.000000,0.000000
498,2.075000,-0.000000,0.000000,-0.000000,0.000000,0.000000,0.000000
499,2.079167,-0.000000,0.000000,-0.000000,0.000000,0.000000,0.000000
500,2.083333,-0.000000,0.000000,-0.000000,0.000000,0.000000,0.000000
501,2.087500,-0.000000,0.000000,-0.000000,0.000000,0.000000,0.000000
502,2.091667,-0.000000,0.000000,-0.000000,0.000000,0.000000,0.000000
503,2.095833,-0.000000,0.000000,-0.000000,0.000000,0.000000,0.000000
504,2.100000,-0.000000,0.000000,-0.000000,0.000000,0.000000,0.000000
505,2.104167,-0.000000,0.000000,-0.000000,0.000000,0.000000,0.000000
506,2.108333,-0.000000,0.000000,-0.000000,0.000000,0.000000,0.000000
507,2.112500,-0.000000,0.000000,-0.000000,0.000000,0.000000,0.000000
508,2.116667,-0.000000,0.000000,-0.000000,0.000000,0.000000,0.000000
509,2.120833,-0.000000,0.000000,-0.000000,0.000000,0.000000,0.000000
510,2.125000,-0.000000,0.000000,-0.000000,0.000000,0.000000,0.000000
511,2.129167,-0.000000,0.000000,-0.000000,0.000000,0.000000,0.000000
512,2.133333,-0.000000,0.000000,-0.000000,0.000000,0.000000,0.000000
513,2.137500,-0.000000,0.000000,-0.000000,0.000000,0.000000,0.000000
514,2.141667,-0.000000,0.000000,-0.000000,0.000000,0.000000,0.000000
515,2.145833,-0.000000,0.000000,-0.000000,0.000000,0.000000,0.000000
516,2.150000,-0.000000,0.000000,-0.000000,0.000000,0.000000,0.000000
517,2.154167,-0.000000,0.000000,-0.000000,0.000000,0.000000,0.000000
518,2.158333,-0.000000,0.000000,-0.000000,0.000000,0.000000,0.000000
519,2.162500,-0.000000,0.000000,-0.000000,0.000000,0.000000,0.000000
520,2.166667,-0.000000,0.000000,-0.000000,0.000000,0.000000,0.000000
521,2.170833,-0.000000,0.000000,-0.000000,0.000000,0.000000,0.000000
522,2.175000,-0.000000,0.000000,-0.000000,0.000000,0.000000,0.000000
523,2.179167,-0.000000,0.000000,-0.000000,0.000000,0.000000,0.000000
524,2.183333,-0.000000,0.000000,-0.000000,0.000000,0.000000,0.000000
525,2.187500,-0.000000,0.000000,-0.000000,0.000000,0.000000,0.000000
526,2.191667,-0.000000,0.000000,-0.000000,0.000000,0.000000,0.000000
527,2.195833,-0.000000,0.000000,-0.000000,0.000000,0.000000,0.000000
528,2.200000,-0.000000,0.000000,-0.000000,0.000000,0.000000,0.000000
529,2.204167,-0.000000,0.000000,-0.000000,0.000000,0.000000,0.000000
530,2.208333,-0.000000,0.000000,-0.000000,0.000000,0.000000,0.000000
531,2.212500,-0.000000,0.000000,-0.000000,0.000000,0.000000,0.000000
532,2.216667,-0.000000,0.000000,-0.000000,0.000000,0.000000,0.000000
533,2.220833,-0.000000,0.000000,-0.000000,0.000000,0.000000,0.000000
534,2.225000,-0.000000,0.000000,-0.000000,0.000000,0.000000,0.000000
535,2.229167,-0.000000,0.000000,-0.000000,0.000000,0.000000,0.000000
536,2.233333,-0.000000,0.000000,-0.000000,0.000000,0.000000,0.000000
537,2.237500,-0.000000,0.000000,-0.000000,0.000000,0.000000,0.000000
538,2.241667,-0.000000,0.000000,-0.000000,0.000000,0.000000,0.000000
539,2.245833,-0.000000,0.000000,-0.000000,0.000000,0.000000,0.000000
540,2.250000,-0.000000,0.000000,-0.000000,0.000000,0.000000,0.000000
541,2.254167,-0.000000,0.000000,-0.000000,0.000000,0.000000,0.000000
542,2.258333,-0.000000,0.000000,-0.000000,0.000000,0.000000,0.000000
543,2.262500,-0.000000,0.000000,-0.000000,0.000000,0.000000,0.000000
544,2.266667,-0.000000,0.000000,-0.000000,0.000000,0.000000,0.000000
545,2.270833,-0.000000,0.000000,-0.000000,0.000000,0.000000,0.000000
546,2.275000,-0.000000,0.000000,-0.000000,0.000000,0.000000,0.000000
547,2.279167,-0.000000,0.000000,-0.000000,0.000000,0.000000,0.000000
548,2.283333,-0.000000,0.000000,-0.000000,0.000000,0.000000,0.000000
549,2.287500,-0.000000,0.000000,-0.000000,0.000000,0.000000,0.000000
550,2.291667,-0.000000,0.000000,-0.000000,0.000000,0.000000,0.000000
551,2.295833,-0.000000,0.000000,-0.000000,0.000000,0.000000,0.000000
552,2.300000,-0.000000,0.000000,-0.000000,0.000000,0.000000,0.000000
553,2.304167,-0.000000,0.000000,-0.000000,0.000000,0.000000,0.000000
554,2.308333,-0.000000,0.000000,-0.000000,0.000000,0.000000,0.000000
555,2.312500,-0.000000,0.000000,-0.000000,0.000000,0.000000,0.000000
556,2.316667,-0.000000,0.000000,-0.000000,0.000000,0.000000,0.000000
557,2.320833,-0.000000,0.000000,-0.000000,0.000000,0.000000,0.000000
558,2.325000,-0.000000,0.000000,-0.000000,0.000000,0.000000,0.000000
559,2.329167,-0.000000,0.000000,-0.000000,0.000000,0.000000,0.000000
560,2.333333,-0.000000,0.000000,-0.000000,0.000000,0.000000,0.000000
561,2.337500,-0.000000,0.000000,-0.000000,0.000000,0.000000,0.000000
562,2.341667,-0.000000,0.000000,-0.000000,0.000000,0.000000,0.000000
563,2.345833,-0.000000,0.000000,-0.000000,0.000000,0.000000,0.000000
564,2.350000,-0.000000,0.000000,-0.000000,0.000000,0.000000,0.000000
565,2.354167,-0.000000,0.000000,-0.000000,0.000000,0.000000,0.000000
566,2.358333,-0.000000,0.000000,-0.000000,0.000000,0.000000,0.000000
567,2.362500,-0.000000,0.000000,-0.000000,0.000000,0.000000,0.000000
568,2.366667,-0.000000,0.000000,-0.000000,0.000000,0.000000,0.000000
569,2.370833,-0.000000,0.000000,-0.000000,0.000000,0.000000,0.000000
570,2.375000,-0.000000,0.000000,-0.000000,0.000000,0.000000,0.000000
571,2.379167,-0.000000,0.000000,-0.000000,0.000000,0.000000,0.000000
572,2.383333,-0.000000,0.000000,-0.000000,0.000000,0.000000,0.000000
573,2.387500,-0.000000,0.000000,-0.000000,0.000000,0.000000,0.000000
574,2.391667,-0.000000,0.000000,-0.000000,0.000000,0.000000,0.000000
575,2.395833,-0.000000,0.000000,-0.000000,0.000000,0.000000,0.000000
576,2.400000,-0.000000,0.000000,-0.000000,0.000000,0.000000,0.000000
577,2.404167,-0.000000,0.000000,-0.000000,0.000000,0.000000,0.000000
578,2.408333,-0.000000,0.000000,-0.000000,0.000000,0.000000,0.000000
579,2.412500,-0.000000,0.000000,-0.000000,0.000000,0.000000,0.000000
580,2.416667,-0.000000,0.000000,-0.000000,0.000000,0.000000,0.000000
581,2.420833,-0.000000,0.000000,-0.000000,0.000000,0.000000,0.000000
582,2.425000,-0.000000,0.000000,-0.000000,0.000000,0.000000,0.000000
583,2.429167,-0.000000,0.000000,-0.000000,0.000000,0.000000,0.000000
584,2.433333,-0.000000,0.000000,-0.000000,0.000000,0.000000,0.000000
585,2.437500,-0.000000,0.000000,-0.000000,0.000000,0.000000,0.000000
586,2.441667,-0.000000,0.000000,-0.000000,0.000000,0.000000,0.000000
587,2.445833,-0.000000,0.000000,-0.000000,0.000000,0.000000,0.000000
588,2.450000,-0.000000,0.000000,-0.000000,0.000000,0.000000,0.000000
589,2.454167,-0.000000,0.000000,-0.000000,0.000000,0.000000,0.000000
590,2.458333,-0.000000,0.000000,-0.000000,0.000000,0.000000,0.000000
591,2.462500,-0.000000,0.000000,-0.000000,0.000000,0.000000,0.000000
592,2.466667,-0.000000,0.000000,-0.000000,0.000000,0.000000,0.000000
593,2.470833,-0.000000,0.000000,-0.000000,0.000000,0.000000,0.000000
594,2.475000,-0.000000,0.000000,-0.000000,0.000000,0.000000,0.000000
595,2.479167,-0.000000,0.000000,-0.000000,0.000000,0.000000,0.000000
596,2.483333,-0.000000,0.000000,-0.000000,0.000000,0.000000,0.000000
597,2.487500,-0.000000,0.000000,-0.000000,0.000000,0.000000,0.000000
598,2.491667,-0.000000,0.000000,-0.000000,0.000000,0.000000,0.000000
599,2.495833,-0.000000,0.000000,-0.000000,0.000000,0.000000,0.000000
600,2.500000,-0.000000,0.000000,-0.000000,0.000000,0.000000,0.000000
601,2.504167,-0.000000,0.000000,-0.000000,0.000000,0.000000,0.000000
602,2.508333,-0.000000,0.000000,-0.000000,0.000000,0.000000,0.000000
603,2.512500,-0.000000,0.000000,-0.000000,0.000000,0.000000,0.000000
604,2.516667,-0.000000,0.000000,-0.000000,0.000000,0.000000,0.000000
605,2.520833,-0.000000,0.000000,-0.000000,0.000000,0.000000,0.000000
606,2.525000,-0.000000,0.000000,-0.000000,0.000000,0.000000,0.000000
607,2.529167,-0.000000,0.000000,-0.000000,0.000000,0.000000,0.000000
608,2.533333,-0.000000,0.000000,-0.000000,0.000000,0.000000,0.000000
609,2.537500,-0.000000,0.000000,-0.000000,0.000000,0.000000,0.000000
610,2.541667,-0.000000,0.000000,-0.000000,0.000000,0.000000,0.000000
611,2.545833,-0.000000,0.000000,-0.000000,0.000000,0.000000,0.000000
612,2.550000,-0.000000,0.000000,-0.000000,0.000000,0.000000,0.000000
613,2.554167,-0.000000,0.000000,-0.000000,0.000000,0.000000,0.000000
614,2.558333,-0.000000,0.000000,-0.000000,0.000000,0.000000,0.000000
615,2.562500,-0.000000,0.000000,-0.000000,0.000000,0.000000,0.000000
616,2.566667,-0.000000,0.000000,-0.000000,0.000000,0.000000,0.000000
617,2.570833,-0.000000,0.000000,-0.000000,0.000000,0.000000,0.000000
618,2.575000,-0.000000,0.000000,-0.000000,0.000000,0.000000,0.000000
619,2.579167,-0.000000,0.000000,-0.000000,0.000000,0.000000,0.000000
620,2.583333,-0.000000,0.000000,-0.000000,0.000000,0.000000,0.000000
621,2.587500,-0.000000,0.000000,-0.000000,0.000000,0.000000,0.000000
622,2.591667,-0.000000,0.000000,-0.000000,0.000000,0.000000,0.000000
623,2.595833,-0.000000,0.000000,-0.000000,0.000000,0.000000,0.000000
624,2.600000,-0.000000,0.000000,-0.000000,0.000000,0.000000,0.000000
625,2.604167,-0.000000,0.000000,-0.000000,0.000000,0.000000,0.000000
626,2.608333,-0.000000,0.000000,-0.000000,0.000000,0.000000,0.000000
627,2.612500,-0.000000,0.000000,-0.000000,0.000000,0.000000,0.000000
628,2.616667,-0.000000,0.000000,-0.000000,0.000000,0.000000,0.000000
629,2.620833,-0.000000,0.000000,-0.000000,0.000000,0.000000,0.000000
630,2.625000,-0.000000,0.000000,-0.000000,0.000000,0.000000,0.000000
631,2.629167,-0.000000,0.000000,-0.000000,0.000000,0.000000,0.000000
632,2.633333,-0.000000,0.000000,-0.000000,0.000000,0.000000,0.000000
633,2.637500,-0.000000,0.000000,-0.000000,0.000000,0.000000,0.000000
634,2.641667,-0.000000,0.000000,-0.000000,0.000000,0.000000,0.000000
635,2.645833,-0.000000,0.000000,-0.000000,0.000000,0.000000,0.000000
636,2.650000,-0.000000,0.000000,-0.000000,0.000000,0.000000,0.000000
637,2.654167,-0.000000,0.000000,-0.000000,0.000000,0.000000,0.000000
638,2.658333,-0.000000,0.000000,-0.000000,0.000000,0.000000,0.000000
639,2.662500,-0.000000,0.000000,-0.000000,0.000000,0.000000,0.000000
640,2.666667,-0.000000,0.000000,-0.000000,0.000000,0.000000,0.000000
641,2.670833,-0.000000,0.000000,-0.000000,0.000000,0.000000,0.000000
642,2.675000,-0.000000,0.000000,-0.000000,0.000000,0.000000,0.000000
643,2.679167,-0.000000,0.000000,-0.000000,0.000000,0.000000,0.000000
644,2.683333,-0.000000,0.000000,-0.000000,0.000000,0.000000,0.000000
645,2.687500,-0.000000,0.000000,-0.000000,0.000000,0.000000,0.000000
646,2.691667,-0.000000,0.000000,-0.000000,0.000000,0.000000,0.000000
647,2.695833,-0.000000,0.000000,-0.000000,0.000000,0.000000,0.000000
648,2.700000,-0.000000,0.000000,-0.000000,0.000000,0.000000,0.000000
649,2.704167,-0.000000,0.000000,-0.000000,0.000000,0.000000,0.000000
650,2.708333,-0.000000,0.000000,-0.000000,0.000000,0.000000,0.000000
651,2.712500,-0.000000,0.000000,-0.000000,0.000000,0.000000,0.000000
652,2.716667,-0.000000,0.000000,-0.000000,0.000000,0.000000,0.000000
653,2.720833,-0.000000,0.000000,-0.000000,0.000000,0.000000,0.000000
654,2.725000,-0.000000,0.000000,-0.000000,0.000000,0.000000,0.000000
655,2.729167,-0.000000,0.000000,-0.000000,0.000000,0.000000,0.000000
656,2.733333,-0.000000,0.000000,-0.000000,0.000000,0.000000,0.000000
657,2.737500,-0.000000,0.000000,-0.000000,0.000000,0.000000,0.000000
658,2.741667,-0.000000,0.000000,-0.000000,0.000000,0.000000,0.000000
659,2.745833,-0.000000,0.000000,-0.000000,0.000000,0.000000,0.000000
660,2.750000,-0.000000,0.000000,-0.000000,0.000000,0.000000,0.000000
661,2.754167,-0.000000,0.000000,-0.000000,0.000000,0.000000,0.000000
662,2.758333,-0.000000,0.000000,-0.000000,0.000000,0.000000,0.000000
663,2.762500,-0.000000,0.000000,-0.000000,0.000000,0.000000,0.000000
664,2.766667,-0.000000,0.000000,-0.000000,0.000000,0.000000,0.000000
665,2.770833,-0.000000,0.000000,-0.000000,0.000000,0.000000,0.000000
666,2.775000,-0.000000,0.000000,-0.000000,0.000000,0.000000,0.000000
667,2.779167,-0.000000,0.000000,-0.000000,0.000000,0.000000,0.000000
668,2.783333,-0.000000,0.000000,-0.000000,0.000000,0.000000,0.000000
669,2.787500,-0.000000,0.000000,-0.000000,0.000000,0.000000,0.000000
670,2.791667,-0.000000,0.000000,-0.000000,0.000000,0.000000,0.000000
671,2.795833,-0.000000,0.000000,-0.000000,0.000000,0.000000,0.000000
672,2.800000,-0.000000,0.000000,-0.000000,0.000000,0.000000,0.000000
673,2.804167,-0.000000,0.000000,-0.000000,0.000000,0.000000,0.000000
674,2.808333,-0.000000,0.000000,-0.000000,0.000000,0.000000,0.000000
675,2.812500,-0.000000,0.000000,-0.000000,0.000000,0.000000,0.000000
676,2.816667,-0.000000,0.000000,-0.000000,0.000000,0.000000,0.000000
677,2.820833,-0.000000,0.000000,-0.000000,0.000000,0.000000,0.000000
678,2.825000,-0.000000,0.000000,-0.000000,0.000000,0.000000,0.000000
679,2.829167,-0.000000,0.000000,-0.000000,0.000000,0.000000,0.000000
680,2.833333,-0.000000,0.000000,-0.000000,0.000000,0.000000,0.000000
681,2.837500,-0.000000,0.000000,-0.000000,0.000000,0.000000,0.000000
682,2.841667,-0.000000,0.000000,-0.000000,0.000000,0.000000,0.000000
683,2.845833,-0.000000,0.000000,-0.000000,0.000000,0.000000,0.000000
684,2.850000,-0.000000,0.000000,-0.000000,0.000000,0.000000,0.000000
685,2.854167,-0.000000,0.000000,-0.000000,0.000000,0.000000,0.000000
686,2.858333,-0.000000,0.000000,-0.000000,0.000000,0.000000,0.000000
687,2.862500,-0.000000,0.000000,-0.000000,0.000000,0.000000,0.000000
688,2.866667,-0.000000,0.000000,-0.000000,0.000000,0.000000,0.000000
689,2.870833,-0.000000,0.000000,-0.000000,0.000000,0.000000,0.000000
690,2.875000,-0.000000,0.000000,-0.000000,0.000000,0.000000,0.000000
691,2.879167,-0.000000,0.000000,-0.000000,0.000000,0.000000,0.000000
692,2.883333,-0.000000,0.000000,-0.000000,0.000000,0.000000,0.000000
693,2.887500,-0.000000,0.000000,-0.000000,0.000000,0.000000,0.000000
694,2.891667,-0.000000,0.000000,-0.000000,0.000000,0.000000,0.000000
695,2.895833,-0.000000,0.000000,-0.000000,0.000000,0.000000,0.000000
696,2.900000,-0.000000,0.000000,-0.000000,0.000000,0.000000,0.000000
697,2.904167,-0.000000,0.000000,-0.000000,0.000000,0.000000,0.000000
698,2.908333,-0.000000,0.000000,-0.000000,0.000000,0.000000,0.000000
699,2.912500,-0.000000,0.000000,-0.000000,0.000000,0.000000,0.000000
700,2.916667,-0.000000,0.000000,-0.000000,0.000000,0.000000,0.000000
701,2.920833,-0.000000,0.000000,-0.000000,0.000000,0.000000,0.000000
702,2.925000,-0.000000,0.000000,-0.000000,0.000000,0.000000,0.000000
703,2.929167,-0.000000,0.000000,-0.000000,0.000000,0.000000,0.000000
704,2.933333,-0.000000,0.000000,-0.000000,0.000000,0.000000,0.000000
705,2.937500,-0.000000,0.000000,-0.000000,0.000000,0.000000,0.000000
706,2.941667,-0.000000,0.000000,-0.000000,0.000000,0.000000,0.000000
707,2.945833,-0.000000,0.000000,-0.000000,0.000000,0.000000,0.000000
708,2.950000,-0.000000,0.000000,-0.000000,0.000000,0.000000,0.000000
709,2.954167,-0.000000,0.000000,-0.000000,0.000000,0.000000,0.000000
710,2.958333,-0.000000,0.000000,-0.000000,0.000000,0.000000,0.000000
711,2.962500,-0.000000,0.000000,-0.000000,0.000000,0.000000,0.000000
712,2.966667,-0.000000,0.000000,-0.000000,0.000000,0.000000,0.000000
713,2.970833,-0.000000,0.000000,-0.000000,0.000000,0.000000,0.000000
714,2.975000,-0.000000,0.000000,-0.000000,0.000000,0.000000,0.000000
715,2.979167,-0.000000,0.000000,-0.000000,0.000000,0.000000,0.000000
716,2.983333,-0.000000,0.000000,-0.000000,0.000000,0.000000,0.000000
717,2.987500,-0.000000,0.000000,-0.000000,0.000000,0.000000,0.000000
718,2.991667,-0.000000,0.000000,-0.000000,0.000000,0.000000,0.000000
719,2.995833,-0.000000,0.000000,-0.000000,0.000000,0.000000,0.000000
720,3.000000,-0.000000,0.000000,-0.000000,0.000000,0.000000,0.000000
721,3.004167,-0.000000,0.000000,-0.000000,0.000000,0.000000,0.000000
722,3.008333,-0.000000,0.000000,-0.000000,0.000000,0.000000,0.000000
723,3.012500,-0.000000,0.000000,-0.000000,0.000000,0.000000,0.000000
724,3.016667,-0.000000,0.000000,-0.000000,0.000000,0.000000,0.000000
725,3.020833,-0.000000,0.000000,-0.000000,0.000000,0.000000,0.000000
726,3.025000,-0.000000,0.000000,-0.000000,0.000000,0.000000,0.000000
727,3.029167,-0.000000,0.000000,-0.000000,0.000000,0.000000,0.000000
728,3.033333,-0.000000,0.000000,-0.000000,0.000000,0.000000,0.000000
729,3.037500,-0.000000,0.000000,-0.000000,0.000000,0.000000,0.000000
730,3.041667,-0.000000,0.000000,-0.000000,0.000000,0.000000,0.000000
731,3.045833,-0.000000,0.000000,-0.000000,0.000000,0.000000,0.000000
732,3.050000,-0.000000,0.000000,-0.000000,0.000000,0.000000,0.000000
733,3.054167,-0.000000,0.000000,-0.000000,0.000000,0.000000,0.000000
734,3.058333,-0.000000,0.000000,-0.000000,0.000000,0.000000,0.000000
735,3.062500,-0.000000,0.000000,-0.000000,0.000000,0.000000,0.000000
736,3.066667,-0.000000,0.000000,-0.000000,0.000000,0.000000,0.000000
737,3.070833,-0.000000,0.000000,-0.000000,0.000000,0.000000,0.000000
738,3.075000,-0.000000,0.000000,-0.000000,0.000000,0.000000,0.000000
739,3.079167,-0.000000,0.000000,-0.000000,0.000000,0.000000,0.000000
740,3.083333,-0.000000,0.000000,-0.000000,0.000000,0.000000,0.000000
741,3.087500,-0.000000,0.000000,-0.000000,0.000000,0.000000,0.000000
742,3.091667,-0.000000,0.000000,-0.000000,0.000000,0.000000,0.000000
743,3.095833,-0.000000,0.000000,-0.000000,0.000000,0.000000,0.000000
744,3.100000,-0.000000,0.000000,-0.000000,0.000000,0.000000,0.000000
745,3.104167,-0.000000,0.000000,-0.000000,0.000000,0.000000,0.000000
746,3.108333,-0.000000,0.000000,-0.000000,0.000000,0.000000,0.000000
747,3.112500,-0.000000,0.000000,-0.000000,0.000000,0.000000,0.000000
748,3.116667,-0.000000,0.000000,-0.000000,0.000000,0.000000,0.000000
749,3.120833,-0.000000,0.000000,-0.000000,0.000000,0.000000,0.000000
750,3.125000,-0.000000,0.000000,-0.000000,0.000000,0.000000,0.000000
751,3.129167,-0.000000,0.000000,-0.000000,0.000000,0.000000,0.000000
752,3.133333,-0.000000,0.000000,-0.000000,0.000000,0.000000,0.000000
753,3.137500,-0.000000,0.000000,-0.000000,0.000000,0.000000,0.000000
754,3.141667,-0.000000,0.000000,-0.000000,0.000000,0.000000,0.000000
755,3.145833,-0.000000,0.000000,-0.000000,0.000000,0.000000,0.000000
756,3.150000,-0.000000,0.000000,-0.000000,0.000000,0.000000,0.000000
757,3.154167,-0.000000,0.000000,-0.000000,0.000000,0.000000,0.000000
758,3.158333,-0.000000,0.000000,-0.000000,0.000000,0.000000,0.000000
759,3.162500,-0.000000,0.000000,-0.000000,0.000000,0.000000,0.000000
760,3.166667,-0.000000,0.000000,-0.000000,0.000000,0.000000,0.000000
761,3.170833,-0.000000,0.000000,-0.000000,0.000000,0.000000,0.000000
762,3.175000,-0.000000,0.000000,-0.000000,0.000000,0.000000,0.000000
763,3.179167,-0.000000,0.000000,-0.000000,0.000000,0.000000,0.000000
764,3.183333,-0.000000,0.000000,-0.000000,0.000000,0.000000,0.000000
765,3.187500,-0.000000,0.000000,-0.000000,0.000000,0.000000,0.000000
766,3.191667,-0.000000,0.000000,-0.000000,0.000000,0.000000,0.000000
767,3.195833,-0.000000,0.000000,-0.000000,0.000000,0.000000,0.000000
768,3.200000,-0.000000,0.000000,-0.000000,0.000000,0.000000,0.000000
769,3.204167,-0.000000,0.000000,-0.000000,0.000000,0.000000,0.000000
770,3.208333,-0.000000,0.000000,-0.000000,0.000000,0.000000,0.000000
771,3.212500,-0.000000,0.000000,-0.000000,0.000000,0.000000,0.000000
772,3.216667,-0.000000,0.000000,-0.000000,0.000000,0.000000,0.000000
773,3.220833,-0.000000,0.000000,-0.000000,0.000000,0.000000,0.000000
774,3.225000,-0.000000,0.000000,-0.000000,0.000000,0.000000,0.000000
775,3.229167,-0.000000,0.000000,-0.000000,0.000000,0.000000,0.000000
776,3.233333,-0.000000,0.000000,-0.000000,0.000000,0.000000,0.000000
777,3.237500,-0.000000,0.000000,-0.000000,0.000000,0.000000,0.000000
778,3.241667,-0.000000,0.000000,-0.000000,0.000000,0.000000,0.000000
779,3.245833,-0.000000,0.000000,-0.000000,0.000000,0.000000,0.000000
780,3.250000,-0.000000,0.000000,-0.000000,0.000000,0.000000,0.000000
781,3.254167,-0.000000,0.000000,-0.000000,0.000000,0.000000,0.000000
782,3.258333,-0.000000,0.000000,-0.000000,0.000000,0.000000,0.000000
783,3.262500,-0.000000,0.000000,-0.000000,0.000000,0.000000,0.000000
784,3.266667,-0.000000,0.000000,-0.000000,0.000000,0.000000,0.000000
785,3.270833,-0.000000,0.000000,-0.000000,0.000000,0.000000,0.000000
786,3.275000,-0.000000,0.000000,-0.000000,0.000000,0.000000,0.000000
787,3.279167,-0.000000,0.000000,-0.000000,0.000000,0.000000,0.000000
788,3.283333,-0.000000,0.000000,-0.000000,0.000000,0.000000,0.000000
789,3.287500,-0.000000,0.000000,-0.000000,0.000000,0.000000,0.000000
790,3.291667,-0.000000,0.000000,-0.000000,0.000000,0.000000,0.000000
791,3.295833,-0.000000,0.000000,-0.000000,0.000000,0.000000,0.000000
792,3.300000,-0.000000,0.000000,-0.000000,0.000000,0.000000,0.000000
793,3.304167,-0.000000,0.000000,-0.000000,0.000000,0.000000,0.000000
794,3.308333,-0.000000,0.000000,-0.000000,0.000000,0.000000,0.000000
795,3.312500,-0.000000,0.000000,-0.000000,0.000000,0.000000,0.000000
796,3.316667,-0.000000,0.000000,-0.000000,0.000000,0.000000,0.000000
797,3.320833,-0.000000,0.000000,-0.000000,0.000000,0.000000,0.000000
798,3.325000,-0.000000,0.000000,-0.000000,0.000000,0.000000,0.000000
799,3.329167,-0.000000,0.000000,-0.000000,0.000000,0.000000,0.000000
800,3.333333,-0.000000,0.000000,-0.000000,0.000000,0.000000,0.000000
801,3.337500,-0.000000,0.000000,-0.000000,0.000000,0.000000,0.000000
802,3.341667,-0.000000,0.000000,-0.000000,0.000000,0.000000,0.000000
803,3.345833,-0.000000,0.000000,-0.000000,0.000000,0.000000,0.000000
804,3.350000,-0.000000,0.000000,-0.000000,0.000000,0.000000,0.000000
805,3.354167,-0.000000,0.000000,-0.000000,0.000000,0.000000,0.000000
806,3.358333,-0.000000,0.000000,-0.000000,0.000000,0.000000,0.000000
807,3.362500,-0.000000,0.000000,-0.000000,0.000000,0.000000,0.000000
808,3.366667,-0.000000,0.000000,-0.000000,0.000000,0.000000,0.000000
809,3.370833,-0.000000,0.000000,-0.000000,0.000000,0.000000,0.000000
810,3.375000,-0.000000,0.000000,-0.000000,0.000000,0.000000,0.000000
811,3.379167,-0.000000,0.000000,-0.000000,0.000000,0.000000,0.000000
812,3.383333,-0.000000,0.000000,-0.000000,0.000000,0.000000,0.000000
813,3.387500,-0.000000,0.000000,-0.000000,0.000000,0.000000,0.000000
814,3.391667,-0.000000,0.000000,-0.000000,0.000000,0.000000,0.000000
815,3.395833,-0.000000,0.000000,-0.000000,0.000000,0.000000,0.000000
816,3.400000,-0.000000,0.000000,-0.000000,0.000000,0.000000,0.000000
817,3.404167,-0.000000,0.000000,-0.000000,0.000000,0.000000,0.000000
818,3.408333,-0.000000,0.000000,-0.000000,0.000000,0.000000,0.000000
819,3.412500,-0.000000,0.000000,-0.000000,0.000000,0.000000,0.000000
820,3.416667,-0.000000,0.000000,-0.000000,0.000000,0.000000,0.000000
821,3.420833,-0.000000,0.000000,-0.000000,0.000000,0.000000,0.000000
822,3.425000,-0.000000,0.000000,-0.000000,0.000000,0.000000,0.000000
823,3.429167,-0.000000,0.000000,-0.000000,0.000000,0.000000,0.000000
824,3.433333,-0.000000,0.000000,-0.000000,0.000000,0.000000,0.000000
825,3.437500,-0.000000,0.000000,-0.000000,0.000000,0.000000,0.000000
826,3.441667,-0.000000,0.000000,-0.000000,0.000000,0.000000,0.000000
827,3.445833,-0.000000,0.000000,-0.000000,0.000000,0.000000,0.000000
828,3.450000,-0.000000,0.000000,-0.000000,0.000000,0.000000,0.000000
829,3.454167,-0.000000,0.000000,-0.000000,0.000000,0.000000,0.000000
830,3.458333,-0.000000,0.000000,-0.000000,0.000000,0.000000,0.000000
831,3.462500,-0.000000,0.000000,-0.000000,0.000000,0.000000,0.000000
832,3.466667,-0.000000,0.000000,-0.000000,0.000000,0.000000,0.000000
833,3.470833,-0.000000,0.000000,-0.000000,0.000000,0.000000,0.000000
834,3.475000,-0.000000,0.000000,-0.000000,0.000000,0.000000,0.000000
835,3.479167,-0.000000,0.000000,-0.000000,0.000000,0.000000,0.000000
836,3.483333,-0.000000,0.000000,-0.000000,0.000000,0.000000,0.000000
837,3.487500,-0.000000,0.000000,-0.000000,0.000000,0.000000,0.000000
838,3.491667,-0.000000,0.000000,-0.000000,0.000000,0.000000,0.000000
839,3.495833,-0.000000,0.000000,-0.000000,0.000000,0.000000,0.000000
840,3.500000,-0.000000,0.000000,-0.000000,0.000000,0.000000,0.000000
841,3.504167,-0.000000,0.000000,-0.000000,0.000000,0.000000,0.000000
842,3.508333,-0.000000,0.000000,-0.000000,0.000000,0.000000,0.000000
843,3.512500,-0.000000,0.000000,-0.000000,0.000000,0.000000,0.000000
844,3.516667,-0.000000,0.000000,-0.000000,0.000000,0.000000,0.000000
845,3.520833,-0.000000,0.000000,-0.000000,0.000000,0.000000,0.000000
846,3.525000,-0.000000,0.000000,-0.000000,0.000000,0.000000,0.000000
847,3.529167,-0.000000,0.000000,-0.000000,0.000000,0.000000,0.000000
848,3.533333,-0.000000,0.000000,-0.000000,0.000000,0.000000,0.000000
849,3.537500,-0.000000,0.000000,-0.000000,0.000000,0.000000,0.000000
850,3.541667,-0.000000,0.000000,-0.000000,0.000000,0.000000,0.000000
851,3.545833,-0.000000,0.000000,-0.000000,0.000000,0.000000,0.000000
852,3.550000,-0.000000,0.000000,-0.000000,0.000000,0.000000,0.000000
853,3.554167,-0.000000,0.000000,-0.000000,0.000000,0.000000,0.000000
854,3.558333,-0.000000,0.000000,-0.000000,0.000000,0.000000,0.000000
855,3.562500,-0.000000,0.000000,-0.000000,0.000000,0.000000,0.000000
856,3.566667,-0.000000,0.000000,-0.000000,0.000000,0.000000,0.000000
857,3.570833,-0.000000,0.000000,-0.000000,0.000000,0.000000,0.000000
858,3.575000,-0.000000,0.000000,-0.000000,0.000000,0.000000,0.000000
859,3.579167,-0.000000,0.000000,-0.000000,0.000000,0.000000,0.000000
860,3.583333,-0.000000,0.000000,-0.000000,0.000000,0.000000,0.000000
861,3.587500,-0.000000,0.000000,-0.000000,0.000000,0.000000,0.000000
862,3.591667,-0.000000,0.000000,-0.000000,0.000000,0.000000,0.000000
863,3.595833,-0.000000,0.000000,-0.000000,0.000000,0.000000,0.000000
864,3.600000,-0.000000,0.000000,-0.000000,0.000000,0.000000,0.000000
865,3.604167,-0.000000,0.000000,-0.000000,0.000000,0.000000,0.000000
866,3.608333,-0.000000,0.000000,-0.000000,0.000000,0.000000,0.000000
867,3.612500,-0.000000,0.000000,-0.000000,0.000000,0.000000,0.000000
868,3.616667,-0.000000,0.000000,-0.000000,0.000000,0.000000,0.000000
869,3.620833,-0.000000,0.000000,-0.000000,0.000000,0.000000,0.000000
870,3.625000,-0.000000,0.000000,-0.000000,0.000000,0.000000,0.000000
871,3.629167,-0.000000,0.000000,-0.000000,0.000000,0.000000,0.000000
872,3.633333,-0.000000,0.000000,-0.000000,0.000000,0.000000,0.000000
873,3.637500,-0.000000,0.000000,-0.000000,0.000000,0.000000,0.000000
874,3.641667,-0.000000,0.000000,-0.000000,0.000000,0.000000,0.000000
875,3.645833,-0.000000,0.000000,-0.000000,0.000000,0.000000,0.000000
876,3.650000,-0.000000,0.000000,-0.000000,0.000000,0.000000,0.000000
877,3.654167,-0.000000,0.000000,-0.000000,0.000000,0.000000,0.000000
878,3.658333,-0.000000,0.000000,-0.000000,0.000000,0.000000,0.000000
879,3.662500,-0.000000,0.000000,-0.000000,0.000000,0.000000,0.000000
880,3.666667,-0.000000,0.000000,-0.000000,0.000000,0.000000,0.000000
881,3.670833,-0.000000,0.000000,-0.000000,0.000000,0.000000,0.000000
882,3.675000,-0.000000,0.000000,-0.000000,0.000000,0.000000,0.000000
883,3.679167,-0.000000,0.000000,-0.000000,0.000000,0.000000,0.000000
884,3.683333,-0.000000,0.000000,-0.000000,0.000000,0.000000,0.000000
885,3.687500,-0.000000,0.000000,-0.000000,0.000000,0.000000,0.000000
886,3.691667,-0.000000,0.000000,-0.000000,0.000000,0.000000,0.000000
887,3.695833,-0.000000,0.000000,-0.000000,0.000000,0.000000,0.000000
888,3.700000,-0.000000,0.000000,-0.000000,0.000000,0.000000,0.000000
889,3.704167,-0.000000,0.000000,-0.000000,0.000000,0.000000,0.000000
890,3.708333,-0.000000,0.000000,-0.000000,0.000000,0.000000,0.000000
891,3.712500,-0.000000,0.000000,-0.000000,0.000000,0.000000,0.000000
892,3.716667,-0.000000,0.000000,-0.000000,0.000000,0.000000,0.000000
893,3.720833,-0.000000,0.000000,-0.000000,0.000000,0.000000,0.000000
894,3.725000,-0.000000,0.000000,-0.000000,0.000000,0.000000,0.000000
895,3.729167,-0.000000,0.000000,-0.000000,0.000000,0.000000,0.000000
896,3.733333,-0.000000,0.000000,-0.000000,0.000000,0.000000,0.000000
897,3.737500,-0.000000,0.000000,-0.000000,0.000000,0.000000,0.000000
898,3.741667,-0.000000,0.000000,-0.000000,0.000000,0.000000,0.000000
899,3.745833,-0.000000,0.000000,-0.000000,0.000000,0.000000,0.000000
900,3.750000,-0.000000,0.000000,-0.000000,0.000000,0.000000,0.000000
901,3.754167,-0.000000,0.000000,-0.000000,0.000000,0.000000,0.000000
902,3.758333,-0.000000,0.000000,-0.000000,0.000000,0.000000,0.000000
903,3.762500,-0.000000,0.000000,-0.000000,0.000000,0.000000,0.000000
904,3.766667,-0.000000,0.000000,-0.000000,0.000000,0.000000,0.000000
905,3.770833,-0.000000,0.000000,-0.000000,0.000000,0.000000,0.000000
906,3.775000,-0.000000,0.000000,-0.000000,0.000000,0.000000,0.000000
907,3.779167,-0.000000,0.000000,-0.000000,0.000000,0.000000,0.000000
908,3.783333,-0.000000,0.000000,-0.000000,0.000000,0.000000,0.000000
909,3.787500,-0.000000,0.000000,-0.000000,0.000000,0.000000,0.000000
910,3.791667,-0.000000,0.000000,-0.000000,0.000000,0.000000,0.000000
911,3.795833,-0.000000,0.000000,-0.000000,0.000000,0.000000,0.000000
912,3.800000,-0.000000,0.000000,-0.000000,0.000000,0.000000,0.000000
913,3.804167,-0.000000,0.000000,-0.000000,0.000000,0.000000,0.000000
914,3.808333,-0.000000,0.000000,-0.000000,0.000000,0.000000,0.000000
915,3.812500,-0.000000,0.000000,-0.000000,0.000000,0.000000,0.000000
916,3.816667,-0.000000,0.000000,-0.000000,0.000000,0.000000,0.000000
917,3.820833,-0.000000,0.000000,-0.000000,0.000000,0.000000,0.000000
918,3.825000,-0.000000,0.000000,-0.000000,0.000000,0.000000,0.000000
919,3.829167,-0.000000,0.000000,-0.000000,0.000000,0.000000,0.000000
920,3.833333,-0.000000,0.000000,-0.000000,0.000000,0.000000,0.000000
921,3.837500,-0.000000,0.000000,-0.000000,0.000000,0.000000,0.000000
922,3.841667,-0.000000,0.000000,-0.000000,0.000000,0.000000,0.000000
923,3.845833,-0.000000,0.000000,-0.000000,0.000000,0.000000,0.000000
924,3.850000,-0.000000,0.000000,-0.000000,0.000000,0.000000,0.000000
925,3.854167,-0.000000,0.000000,-0.000000,0.000000,0.000000,0.000000
926,3.858333,-0.000000,0.000000,-0.000000,0.000000,0.000000,0.000000
927,3.862500,-0.000000,0.000000,-0.000000,0.000000,0.000000,0.000000
928,3.866667,-0.000000,0.000000,-0.000000,0.000000,0.000000,0.000000
929,3.870833,-0.000000,0.000000,-0.000000,0.000000,0.000000,0.000000
930,3.875000,-0.000000,0.000000,-0.000000,0.000000,0.000000,0.000000
931,3.879167,-0.000000,0.000000,-0.000000,0.000000,0.000000,0.000000
932,3.883333,-0.000000,0.000000,-0.000000,0.000000,0.000000,0.000000
933,3.887500,-0.000000,0.000000,-0.000000,0.000000,0.000000,0.000000
934,3.891667,-0.000000,0.000000,-0.000000,0.000000,0.000000,0.000000
935,3.895833,-0.000000,0.000000,-0.000000,0.000000,0.000000,0.000000
936,3.900000,-0.000000,0.000000,-0.000000,0.000000,0.000000,0.000000
937,3.904167,-0.000000,0.000000,-0.000000,0.000000,0.000000,0.000000
938,3.908333,-0.000000,0.000000,-0.000000,0.000000,0.000000,0.000000
939,3.912500,-0.000000,0.000000,-0.000000,0.000000,0.000000,0.000000
940,3.916667,-0.000000,0.000000,-0.000000,0.000000,0.000000,0.000000
941,3.920833,-0.000000,0.000000,-0.000000,0.000000,0.000000,0.000000
942,3.925000,-0.000000,0.000000,-0.000000,0.000000,0.000000,0.000000
943,3.929167,-0.000000,0.000000,-0.000000,0.000000,0.000000,0.000000
944,3.933333,-0.000000,0.000000,-0.000000,0.000000,0.000000,0.000000
945,3.937500,-0.000000,0.000000,-0.000000,0.000000,0.000000,0.000000
946,3.941667,-0.000000,0.000000,-0.000000,0.000000,0.000000,0.000000
947,3.945833,-0.000000,0.000000,-0.000000,0.000000,0.000000,0.000000
948,3.950000,-0.000000,0.000000,-0.000000,0.000000,0.000000,0.000000
949,3.954167,-0.000000,0.000000,-0.000000,0.000000,0.000000,0.000000
950,3.958333,-0.000000,0.000000,-0.000000,0.000000,0.000000,0.000000
951,3.962500,-0.000000,0.000000,-0.000000,0.000000,0.000000,0.000000
952,3.966667,-0.000000,0.000000,-0.000000,0.000000,0.000000,0.000000
953,3.970833,-0.000000,0.000000,-0.000000,0.000000,0.000000,0.000000
954,3.975000,-0.000000,0.000000,-0.000000,0.000000,0.000000,0.000000
955,3.979167,-0.000000,0.000000,-0.000000,0.000000,0.000000,0.000000
956,3.983333,-0.000000,0.000000,-0.000000,0.000000,0.000000,0.000000
957,3.987500,-0.000000,0.000000,-0.000000,0.000000,0.000000,0.000000
958,3.991667,-0.000000,0.000000,-0.000000,0.000000,0.000000,0.000000
959,3.995833,-0.000000,0.000000,-0.000000,0.000000,0.000000,0.000000
960,4.000000,-0.000000,0.000000,-0.000000,0.000000,0.000000,0.000000
961,4.004167,-0.000000,0.000000,-0.000000,0.000000,0.000000,0.000000
962,4.008333,-0.000000,0.000000,-0.000000,0.000000,0.000000,0.000000
963,4.012500,-0.000000,0.000000,-0.000000,0.000000,0.000000,0.000000
964,4.016667,-0.000000,0.000000,-0.000000,0.000000,0.000000,0.000000
965,4.020833,-0.000000,0.000000,-0.000000,0.000000,0.000000,0.000000
966,4.025000,-0.000000,0.000000,-0.000000,0.000000,0.000000,0.000000
967,4.029167,-0.000000,0.000000,-0.000000,0.000000,0.000000,0.000000
968,4.033333,-0.000000,0.000000,-0.000000,0.000000,0.000000,0.000000
969,4.037500,-0.000000,0.000000,-0.000000,0.000000,0.000000,0.000000
970,4.041667,-0.000000,0.000000,-0.000000,0.000000,0.000000,0.000000
971,4.045833,-0.000000,0.000000,-0.000000,0.000000,0.000000,0.000000
972,4.050000,-0.000000,0.000000,-0.000000,0.000000,0.000000,0.000000
973,4.054167,-0.000000,0.000000,-0.000000,0.000000,0.000000,0.000000
974,4.058333,-0.000000,0.000000,-0.000000,0.000000,0.000000,0.000000
975,4.062500,-0.000000,0.000000,-0.000000,0.000000,0.000000,0.000000
976,4.066667,-0.000000,0.000000,-0.000000,0.000000,0.000000,0.000000
977,4.070833,-0.000000,0.000000,-0.000000,0.000000,0.000000,0.000000
978,4.075000,-0.000000,0.000000,-0.000000,0.000000,0.000000,0.000000
979,4.079167,-0.000000,0.000000,-0.000000,0.000000,0.000000,0.000000
980,4.083333,-0.000000,0.000000,-0.000000,0.000000,0.000000,0.000000
981,4.087500,-0.000000,0.000000,-0.000000,0.000000,0.000000,0.000000
982,4.091667,-0.000000,0.000000,-0.000000,0.000000,0.000000,0.000000
983,4.095833,-0.000000,0.000000,-0.000000,0.000000,0.000000,0.000000
984,4.100000,-0.000000,0.000000,-0.000000,0.000000,0.000000,0.000000
985,4.104167,-0.000000,0.000000,-0.000000,0.000000,0.000000,0.000000
986,4.108333,-0.000000,0.000000,-0.000000,0.000000,0.000000,0.000000
987,4.112500,-0.000000,0.000000,-0.000000,0.000000,0.000000,0.000000
988,4.116667,-0.000000,0.000000,-0.000000,0.000000,0.000000,0.000000
989,4.120833,-0.000000,0.000000,-0.000000,0.000000,0.000000,0.000000
990,4.125000,-0.000000,0.000000,-0.000000,0.000000,0.000000,0.000000
991,4.129167,-0.000000,0.000000,-0.000000,0.000000,0.000000,0.000000
992,4.133333,-0.000000,0.000000,-0.000000,0.000000,0.000000,0.000000
993,4.137500,-0.000000,0.000000,-0.000000,0.000000,0.000000,0.000000
994,4.141667,-0.000000,0.000000,-0.000000,0.000000,0.000000,0.000000
995,4.145833,-0.000000,0.000000,-0.000000,0.000000,0.000000,0.000000
996,4.150000,-0.000000,0.000000,-0.000000,0.000000,0.000000,0.000000
997,4.154167,-0.000000,0.000000,-0.000000,0.000000,0.000000,0.000000
998,4.158333,-0.000000,0.000000,-0.000000,0.000000,0.000000,0.000000
999,4.162500,-0.000000,0.000000,-0.000000,0.000000,0.000000,0.000000
1000,4.166667,-0.000000,0.000000,-0.000000,0.000000,0.000000,0.000000
1001,4.170833,-0.000000,0.000000,-0.000000,0.000000,0.000000,0.000000
1002,4.175000,-0.000000,0.000000,-0.000000,0.000000,0.000000,0.000000
1003,4.179167,-0.000000,0.000000,-0.000000,0.000000,0.000000,0.000000
1004,4.183333,-0.000000,0.000000,-0.000000,0.000000,0.000000,0.000000
1005,4.187500,-0.000000,0.000000,-0.000000,0.000000,0.000000,0.000000
1006,4.191667,-0.000000,0.000000,-0.000000,0.000000,0.000000,0.000000
1007,4.195833,-0.000000,0.000000,-0.000000,0.000000,0.000000,0.000000
1008,4.200000,-0.000000,0.000000,-0.000000,0.000000,0.000000,0.000000
1009,4.204167,-0.000000,0.000000,-0.000000,0.000000,0.000000,0.000000
1010,4.208333,-0.000000,0.000000,-0.000000,0.000000,0.000000,0.000000
1011,4.212500,-0.000000,0.000000,-0.000000,0.000000,0.000000,0.000000
1012,4.216667,-0.000000,0.000000,-0.000000,0.000000,0.000000,0.000000
1013,4.220833,-0.000000,0.000000,-0.000000,0.000000,0.000000,0.000000
1014,4.225000,-0.000000,0.000000,-0.000000,0.000000,0.000000,0.000000
1015,4.229167,-0.000000,0.000000,-0.000000,0.000000,0.000000,0.000000
1016,4.233333,-0.000000,0.000000,-0.000000,0.000000,0.000000,0.000000
1017,4.237500,-0.000000,0.000000,-0.000000,0.000000,0.000000,0.000000
1018,4.241667,-0.000000,0.000000,-0.000000,0.000000,0.000000,0.000000
1019,4.245833,-0.000000,0.000000,-0.000000,0.000000,0.000000,0.000000
1020,4.250000,-0.000000,0.000000,-0.000000,0.000000,0.000000,0.000000
1021,4.254167,-0.000000,0.000000,-0.000000,0.000000,0.000000,0.000000
1022,4.258333,-0.000000,0.000000,-0.000000,0.000000,0.000000,0.000000
1023,4.262500,-0.000000,0.000000,-0.000000,0.000000,0.000000,0.000000
1024,4.266667,-0.000000,0.000000,-0.000000,0.000000,0.000000,0.000000
1025,4.270833,-0.000000,0.000000,-0.000000,0.000000,0.000000,0.000000
1026,4.275000,-0.000000,0.000000,-0.000000,0.000000,0.000000,0.000000
1027,4.279167,-0.000000,0.000000,-0.000000,0.000000,0.000000,0.000000
1028,4.283333,-0.000000,0.000000,-0.000000,0.000000,0.000000,0.000000
1029,4.287500,-0.000000,0.000000,-0.000000,0.000000,0.000000,0.000000
1030,4.291667,-0.000000,0.000000,-0.000000,0.000000,0.000000,0.000000
1031,4.295833,-0.000000,0.000000,-0.000000,0.000000,0.000000,0.000000
1032,4.300000,-0.000000,0.000000,-0.000000,0.000000,0.000000,0.000000
1033,4.304167,-0.000000,0.000000,-0.000000,0.000000,0.000000,0.000000
1034,4.308333,-0.000000,0.000000,-0.000000,0.000000,0.000000,0.000000
1035,4.312500,-0.000000,0.000000,-0.000000,0.000000,0.000000,0.000000
1036,4.316667,-0.000000,0.000000,-0.000000,0.000000,0.000000,0.000000
1037,4.320833,-0.000000,0.000000,-0.000000,0.000000,0.000000,0.000000
1038,4.325000,-0.000000,0.000000,-0.000000,0.000000,0.000000,0.000000
1039,4.329167,-0.000000,0.000000,-0.000000,0.000000,0.000000,0.000000
1040,4.333333,-0.000000,0.000000,-0.000000,0.000000,0.000000,0.000000
1041,4.337500,-0.000000,0.000000,-0.000000,0.000000,0.000000,0.000000
1042,4.341667,-0.000000,0.000000,-0.000000,0.000000,0.000000,0.000000
1043,4.345833,-0.000000,0.000000,-0.000000,0.000000,0.000000,0.000000
1044,4.350000,-0.000000,0.000000,-0.000000,0.000000,0.000000,0.000000
1045,4.354167,-0.000000,0.000000,-0.000000,0.000000,0.000000,0.000000
1046,4.358333,-0.000000,0.000000,-0.000000,0.000000,0.000000,0.000000
1047,4.362500,-0.000000,0.000000,-0.000000,0.000000,0.000000,0.000000
1048,4.366667,-0.000000,0.000000,-0.000000,0.000000,0.000000,0.000000
1049,4.370833,-0.000000,0.000000,-0.000000,0.000000,0.000000,0.000000
1050,4.375000,-0.000000,0.000000,-0.000000,0.000000,0.000000,0.000000
1051,4.379167,-0.000000,0.000000,-0.000000,0.000000,0.000000,0.000000
1052,4.383333,-0.000000,0.000000,-0.000000,0.000000,0.000000,0.000000
1053,4.387500,-0.000000,0.000000,-0.000000,0.000000,0.000000,0.000000
1054,4.391667,-0.000000,0.000000,-0.000000,0.000000,0.000000,0.000000
1055,4.395833,-0.000000,0.000000,-0.000000,0.000000,0.000000,0.000000
1056,4.400000,-0.000000,0.000000,-0.000000,0.000000,0.000000,0.000000
1057,4.404167,-0.000000,0.000000,-0.000000,0.000000,0.000000,0.000000
1058,4.408333,-0.000000,0.000000,-0.000000,0.000000,0.000000,0.000000
1059,4.412500,-0.000000,0.000000,-0.000000,0.000000,0.000000,0.000000
1060,4.416667,-0.000000,0.000000,-0.000000,0.000000,0.000000,0.000000
1061,4.420833,-0.000000,0.000000,-0.000000,0.000000,0.000000,0.000000
1062,4.425000,-0.000000,0.000000,-0.000000,0.000000,0.000000,0.000000
1063,4.429167,-0.000000,0.000000,-0.000000,0.000000,0.000000,0.000000
1064,4.433333,-0.000000,0.000000,-0.000000,0.000000,0.000000,0.000000
1065,4.437500,-0.000000,0.000000,-0.000000,0.000000,0.000000,0.000000
1066,4.441667,-0.000000,0.000000,-0.000000,0.000000,0.000000,0.000000
1067,4.445833,-0.000000,0.000000,-0.000000,0.000000,0.000000,0.000000
1068,4.450000,-0.000000,0.000000,-0.000000,0.000000,0.000000,0.000000
1069,4.454167,-0.000000,0.000000,-0.000000,0.000000,0.000000,0.000000
1070,4.458333,-0.000000,0.000000,-0.000000,0.000000,0.000000,0.000000
1071,4.462500,-0.000000,0.000000,-0.000000,0.000000,0.000000,0.000000
1072,4.466667,-0.000000,0.000000,-0.000000,0.000000,0.000000,0.000000
1073,4.470833,-0.000000,0.000000,-0.000000,0.000000,0.000000,0.000000
1074,4.475000,-0.000000,0.000000,-0.000000,0.000000,0.000000,0.000000
1075,4.479167,-0.000000,0.000000,-0.000000,0.000000,0.000000,0.000000
1076,4.483333,-0.000000,0.000000,-0.000000,0.000000,0.000000,0.000000
1077,4.487500,-0.000000,0.000000,-0.000000,0.000000,0.000000,0.000000
1078,4.491667,-0.000000,0.000000,-0.000000,0.000000,0.000000,0.000000
1079,4.495833,-0.000000,0.000000,-0.000000,0.000000,0.000000,0.000000
1080,4.500000,-0.000000,0.000000,-0.000000,0.000000,0.000000,0.000000
1081,4.504167,-0.000000,0.000000,-0.000000,0.000000,0.000000,0.000000
1082,4.508333,-0.000000,0.000000,-0.000000,0.000000,0.000000,0.000000
1083,4.512500,-0.000000,0.000000,-0.000000,0.000000,0.000000,0.000000
1084,4.516667,-0.000000,0.000000,-0.000000,0.000000,0.000000,0.000000
1085,4.520833,-0.000000,0.000000,-0.000000,0.000000,0.000000,0.000000
1086,4.525000,-0.000000,0.000000,-0.000000,0.000000,0.000000,0.000000
1087,4.529167,-0.000000,0.000000,-0.000000,0.000000,0.000000,0.000000
1088,4.533333,-0.000000,0.000000,-0.000000,0.000000,0.000000,0.000000
1089,4.537500,-0.000000,0.000000,-0.000000,0.000000,0.000000,0.000000
1090,4.541667,-0.000000,0.000000,-0.000000,0.000000,0.000000,0.000000
1091,4.545833,-0.000000,0.000000,-0.000000,0.000000,0.000000,0.000000
1092,4.550000,-0.000000,0.000000,-0.000000,0.000000,0.000000,0.000000
1093,4.554167,-0.000000,0.000000,-0.000000,0.000000,0.000000,0.000000
1094,4.558333,-0.000000,0.000000,-0.000000,0.000000,0.000000,0.000000
1095,4.562500,-0.000000,0.000000,-0.000000,0.000000,0.000000,0.000000
1096,4.566667,-0.000000,0.000000,-0.000000,0.000000,0.000000,0.000000
1097,4.570833,-0.000000,0.000000,-0.000000,0.000000,0.000000,0.000000
1098,4.575000,-0.000000,0.000000,-0.000000,0.000000,0.000000,0.000000
1099,4.579167,-0.000000,0.000000,-0.000000,0.000000,0.000000,0.000000
1100,4.583333,-0.000000,0.000000,-0.000000,0.000000,0.000000,0.000000
1101,4.587500,-0.000000,0.000000,-0.000000,0.000000,0.000000,0.000000
1102,4.591667,-0.000000,0.000000,-0.000000,0.000000,0.000000,0.000000
1103,4.595833,-0.000000,0.000000,-0.000000,0.000000,0.000000,0.000000
1104,4.600000,-0.000000,0.000000,-0.000000,0.000000,0.000000,0.000000
1105,4.604167,-0.000000,0.000000,-0.000000,0.000000,0.000000,0.000000
1106,4.608333,-0.000000,0.000000,-0.000000,0.000000,0.000000,0.000000
1107,4.612500,-0.000000,0.000000,-0.000000,0.000000,0.000000,0.000000
1108,4.616667,-0.000000,0.000000,-0.000000,0.000000,0.000000,0.000000
1109,4.620833,-0.000000,0.000000,-0.000000,0.000000,0.000000,0.000000
1110,4.625000,-0.000000,0.000000,-0.000000,0.000000,0.000000,0.000000
1111,4.629167,-0.000000,0.000000,-0.000000,0.000000,0.000000,0.000000
1112,4.633333,-0.000000,0.000000,-0.000000,0.000000,0.000000,0.000000
1113,4.637500,-0.000000,0.000000,-0.000000,0.000000,0.000000,0.000000
1114,4.641667,-0.000000,0.000000,-0.000000,0.000000,0.000000,0.000000
1115,4.645833,-0.000000,0.000000,-0.000000,0.000000,0.000000,0.000000
1116,4.650000,-0.000000,0.000000,-0.000000,0.000000,0.000000,0.000000
1117,4.654167,-0.000000,0.000000,-0.000000,0.000000,0.000000,0.000000
1118,4.658333,-0.000000,0.000000,-0.000000,0.000000,0.000000,0.000000
1119,4.662500,-0.000000,0.000000,-0.000000,0.000000,0.000000,0.000000
1120,4.666667,-0.000000,0.000000,-0.000000,0.000000,0.000000,0.000000
1121,4.670833,-0.000000,0.000000,-0.000000,0.000000,0.000000,0.000000
1122,4.675000,-0.000000,0.000000,-0.000000,0.000000,0.000000,0.000000
1123,4.679167,-0.000000,0.000000,-0.000000,0.000000,0.000000,0.000000
1124,4.683333,-0.000000,0.000000,-0.000000,0.000000,0.000000,0.000000
1125,4.687500,-0.000000,0.000000,-0.000000,0.000000,0.000000,0.000000
1126,4.691667,-0.000000,0.000000,-0.000000,0.000000,0.000000,0.000000
1127,4.695833,-0.000000,0.000000,-0.000000,0.000000,0.000000,0.000000
1128,4.700000,-0.000000,0.000000,-0.000000,0.000000,0.000000,0.000000
1129,4.704167,-0.000000,0.000000,-0.000000,0.000000,0.000000,0.000000
1130,4.708333,-0.000000,0.000000,-0.000000,0.000000,0.000000,0.000000
1131,4.712500,-0.000000,0.000000,-0.000000,0.000000,0.000000,0.000000
1132,4.716667,-0.000000,0.000000,-0.000000,0.000000,0.000000,0.000000
1133,4.720833,-0.000000,0.000000,-0.000000,0.000000,0.000000,0.000000
1134,4.725000,-0.000000,0.000000,-0.000000,0.000000,0.000000,0.000000
1135,4.729167,-0.000000,0.000000,-0.000000,0.000000,0.000000,0.000000
1136,4.733333,-0.000000,0.000000,-0.000000,0.000000,0.000000,0.000000
1137,4.737500,-0.000000,0.000000,-0.000000,0.000000,0.000000,0.000000
1138,4.741667,-0.000000,0.000000,-0.000000,0.000000,0.000000,0.000000
1139,4.745833,-0.000000,0.000000,-0.000000,0.000000,0.000000,0.000000
1140,4.750000,-0.000000,0.000000,-0.000000,0.000000,0.000000,0.000000
1141,4.754167,-0.000000,0.000000,-0.000000,0.000000,0.000000,0.000000
1142,4.758333,-0.000000,0.000000,-0.000000,0.000000,0.000000,0.000000
1143,4.762500,-0.000000,0.000000,-0.000000,0.000000,0.000000,0.000000
1144,4.766667,-0.000000,0.000000,-0.000000,0.000000,0.000000,0.000000
1145,4.770833,-0.000000,0.000000,-0.000000,0.000000,0.000000,0.000000
1146,4.775000,-0.000000,0.000000,-0.000000,0.000000,0.000000,0.000000
1147,4.779167,-0.000000,0.000000,-0.000000,0.000000,0.000000,0.000000
1148,4.783333,-0.000000,0.000000,-0.000000,0.000000,0.000000,0.000000
1149,4.787500,-0.000000,0.000000,-0.000000,0.000000,0.000000,0.000000
1150,4.791667,-0.000000,0.000000,-0.000000,0.000000,0.000000,0.000000
1151,4.795833,-0.000000,0.000000,-0.000000,0.000000,0.000000,0.000000
1152,4.800000,-0.000000,0.000000,-0.000000,0.000000,0.000000,0.000000
1153,4.804167,-0.000000,0.000000,-0.000000,0.000000,0.000000,0.000000
1154,4.808333,-0.000000,0.000000,-0.000000,0.000000,0.000000,0.000000
1155,4.812500,-0.000000,0.000000,-0.000000,0.000000,0.000000,0.000000
1156,4.816667,-0.000000,0.000000,-0.000000,0.000000,0.000000,0.000000
1157,4.820833,-0.000000,0.000000,-0.000000,0.000000,0.000000,0.000000
1158,4.825000,-0.000000,0.000000,-0.000000,0.000000,0.000000,0.000000
1159,4.829167,-0.000000,0.000000,-0.000000,0.000000,0.000000,0.000000
1160,4.833333,-0.000000,0.000000,-0.000000,0.000000,0.000000,0.000000
1161,4.837500,-0.000000,0.000000,-0.000000,0.000000,0.000000,0.000000
1162,4.841667,-0.000000,0.000000,-0.000000,0.000000,0.000000,0.000000
1163,4.845833,-0.000000,0.000000,-0.000000,0.000000,0.000000,0.000000
1164,4.850000,-0.000000,0.000000,-0.000000,0.000000,0.000000,0.000000
