Format Version,1.24,Take Name,Q4-standing_02,Take Notes,,Capture Frame Rate,120.000000,Export Frame Rate,120.000000,Capture Start Time,2024-03-13 05.02.09.324 PM,Capture Start Frame,459437,Total Frames in Take,502,Total Exported Frames,502,Rotation Type,XYZ,Length Units,Millimeters,Coordinate Space,Global

,Type,Rigid Body,Rigid Body,Rigid Body,Rigid Body,Rigid Body,Rigid Body,Marker,Marker,Marker,Marker,Marker,Marker,Marker,Marker,Marker,Marker,Marker,Marker,Marker,Marker,Marker,Marker,Marker,Marker
,Name,gliderPink02,gliderPink02,gliderPink02,gliderPink02,gliderPink02,gliderPink02,gliderPink02:Marker 001,gliderPink02:Marker 001,gliderPink02:Marker 001,gliderPink02:Marker 002,gliderPink02:Marker 002,gliderPink02:Marker 002,gliderPink02:Marker 003,gliderPink02:Marker 003,gliderPink02:Marker 003,gliderPink02:Marker 004,gliderPink02:Marker 004,gliderPink02:Marker 004,gliderPink02:Marker 005,gliderPink02:Marker 005,gliderPink02:Marker 005,gliderPink02:Marker 006,gliderPink02:Marker 006,gliderPink02:Marker 006
,ID,1D273788DFF111EE710A5BE854E45492,1D273788DFF111EE710A5BE854E45492,1D273788DFF111EE710A5BE854E45492,1D273788DFF111EE710A5BE854E45492,1D273788DFF111EE710A5BE854E45492,1D273788DFF111EE710A5BE854E45492,"F420407EE17C11EE710A5BE854E45792","F420407EE17C11EE710A5BE854E45792","F420407EE17C11EE710A5BE854E45792","F420407CE17C11EE710A5BE854E45792","F420407CE17C11EE710A5BE854E45792","F420407CE17C11EE710A5BE854E45792","F420407BE17C11EE710A5BE854E45792","F420407BE17C11EE710A5BE854E45792","F420407BE17C11EE710A5BE854E45792","F420407FE17C11EE710A5BE854E45792","F420407FE17C11EE710A5BE854E45792","F420407FE17C11EE710A5BE854E45792","F4204080E17C11EE710A5BE854E45792","F4204080E17C11EE710A5BE854E45792","F4204080E17C11EE710A5BE854E45792","F420407DE17C11EE710A5BE854E45792","F420407DE17C11EE710A5BE854E45792","F420407DE17C11EE710A5BE854E45792"
,,Rotation,Rotation,Rotation,Position,Position,Position,Position,Position,Position,Position,Position,Position,Position,Position,Position,Position,Position,Position,Position,Position,Position,Position,Position,Position
Frame,Time (Seconds),X,Y,Z,X,Y,Z,X,Y,Z,X,Y,Z,X,Y,Z,X,Y,Z,X,Y,Z,X,Y,Z
0,0.000000,177.852600,-25.545441,177.078705,2878.812500,1650.722656,-1699.560547,2766.427734,1659.722168,-1787.479614,2899.906982,1649.273560,-1547.041626,3014.411865,1654.704102,-1779.728760,2943.290527,1621.857178,-1549.137939,,,,2859.700928,1663.364136,-1706.227539
1,0.008333,177.854324,-25.579149,177.072891,2878.500244,1650.592773,-1699.417480,2766.060059,1659.596191,-1787.260620,2899.644775,1649.142700,-1546.885132,3014.051514,1654.591064,-1779.646362,2942.935791,1621.690796,-1549.024536,,,,2859.327148,1663.176758,-1706.048584
2,0.016667,177.859528,-25.624187,177.052612,2878.167725,1650.435181,-1699.358643,2765.624512,1659.411011,-1787.059204,2899.316650,1648.949097,-1546.728027,3013.705322,1654.477539,-1779.560547,2942.573486,1621.514160,-1548.906860,,,,2858.878906,1662.919922,-1705.938721
3,0.025000,177.860168,-25.622841,177.037964,2877.783936,1650.274658,-1699.182739,2765.253174,1659.238159,-1786.890381,2899.023682,1648.795044,-1546.555176,3013.294678,1654.368530,-1779.385864,2942.283691,1621.386230,-1548.749023,,,,2858.553223,1662.771484,-1705.781616
4,0.033333,177.853668,-25.610954,177.029022,2877.405029,1650.137695,-1698.987549,2764.907715,1659.071411,-1786.730835,2898.677979,1648.657471,-1546.397705,3012.916748,1654.247070,-1779.203125,2941.938965,1621.259033,-1548.580322,,,,2858.206299,1662.695557,-1705.609741
5,0.041667,177.861023,-25.573240,177.033737,2877.072754,1649.997070,-1698.766724,2764.655518,1658.967773,-1786.598267,2898.178223,1648.446899,-1546.264893,3012.629395,1654.104614,-1779.015137,2941.624756,1621.160645,-1548.395142,,,,2857.892578,1662.616211,-1705.433228
6,0.050000,177.855713,-25.531616,177.043304,2876.751953,1649.885010,-1698.554932,2764.408447,1658.861206,-1786.508545,2897.853027,1648.374390,-1546.097290,3012.302246,1653.975708,-1778.810059,2941.315430,1621.074829,-1548.215210,,,,2857.627930,1662.542847,-1705.254150
7,0.058333,177.848663,-25.505053,177.051468,2876.381348,1649.783447,-1698.389404,2764.080566,1658.755981,-1786.407349,2897.541260,1648.326050,-1545.930298,3011.930908,1653.861206,-1778.609497,2940.989502,1621.029297,-1548.057617,,,,2857.313721,1662.442627,-1705.130615
8,0.066667,177.835358,-25.492180,177.058105,2876.032715,1649.702637,-1698.209106,2763.759766,1658.656006,-1786.271484,2897.228760,1648.286255,-1545.780518,3011.579346,1653.747803,-1778.432495,2940.638184,1620.964966,-1547.907349,,,,2857.000244,1662.405762,-1704.958618
9,0.075000,177.825134,-25.503569,177.056458,2875.731445,1649.607422,-1698.092163,2763.442627,1658.524292,-1786.114868,2896.879639,1648.180176,-1545.605347,3011.301514,1653.625000,-1778.281006,2940.316162,1620.902466,-1547.740845,,,,2856.636719,1662.280396,-1704.796265
10,0.083333,177.812561,-25.503048,177.054276,2875.429932,1649.504395,-1698.006592,2763.148193,1658.404541,-1785.979492,2896.471924,1648.122314,-1545.452515,3011.028320,1653.510498,-1778.145386,2939.926270,1620.824219,-1547.561890,,,,2856.218262,1662.074829,-1704.705688
11,0.091667,177.813766,-25.494183,177.069153,2875.150635,1649.425537,-1697.844727,2762.887695,1658.353149,-1785.825317,2896.137451,1648.042603,-1545.301758,3010.749268,1653.394897,-1777.999146,2939.553467,1620.747681,-1547.396362,,,,2855.955566,1662.004150,-1704.541626
12,0.100000,177.804413,-25.460430,177.076767,2874.831299,1649.334717,-1697.654785,2762.631592,1658.266357,-1785.740845,2895.811523,1647.988159,-1545.159790,3010.445557,1653.281372,-1777.765137,2939.206543,1620.694702,-1547.222900,,,,2855.680176,1661.950806,-1704.408325
13,0.108333,177.817307,-25.415388,177.089432,2874.487793,1649.227173,-1697.473389,2762.366455,1658.206665,-1785.652832,2895.329834,1647.813232,-1545.076538,3010.165283,1653.161011,-1777.537842,2938.826660,1620.637817,-1547.075928,,,,2855.422607,1661.907715,-1704.283325
14,0.116667,177.807358,-25.386618,177.102097,2874.222900,1649.150757,-1697.337158,2762.144531,1658.133667,-1785.614258,2895.007324,1647.779785,-1544.919312,3009.942139,1653.032349,-1777.330933,2938.530273,1620.577271,-1546.950439,,,,2855.198975,1661.889893,-1704.179810
15,0.125000,177.799973,-25.352236,177.119995,2873.986572,1649.086792,-1697.278320,2761.968506,1658.051270,-1785.623169,2894.711670,1647.739868,-1544.833618,3009.749268,1652.905762,-1777.180786,2938.204102,1620.511353,-1546.839478,,,,2854.940430,1661.840820,-1704.110962
16,0.133333,177.797409,-25.328968,177.137329,2873.778564,1649.022095,-1697.234985,2761.790283,1657.992676,-1785.628662,2894.444824,1647.693604,-1544.764648,3009.586426,1652.784546,-1777.040894,2937.935547,1620.458252,-1546.765625,,,,2854.756104,1661.792847,-1704.071777
17,0.141667,177.786713,-25.310446,177.153625,2873.589355,1648.968994,-1697.223755,2761.631348,1657.931641,-1785.661743,2894.232178,1647.689087,-1544.734985,3009.425781,1652.675049,-1776.984009,2937.664307,1620.429443,-1546.716797,,,,2854.590820,1661.749634,-1704.067749
18,0.150000,177.810623,-25.250549,177.215805,2873.411377,1648.947754,-1697.129761,2761.674805,1657.985352,-1785.536987,2894.029297,1647.692505,-1544.744507,3009.248291,1652.569702,-1776.948608,2937.413574,1620.391968,-1546.698975,,,,2854.447266,1661.691528,-1704.091187
19,0.158333,177.753708,-25.256874,177.187454,2873.268799,1648.855591,-1697.221436,2761.414551,1657.794678,-1785.801758,2893.873047,1647.726929,-1544.774902,3009.122314,1652.452881,-1776.976440,2937.204834,1620.382690,-1546.730713,,,,2854.331787,1661.641602,-1704.139038
20,0.166667,177.759232,-25.238901,177.248230,2873.199463,1648.859985,-1697.251953,2761.474854,1657.854980,-1785.709595,2893.787842,1647.778076,-1544.853394,3009.032227,1652.333984,-1777.071655,2937.145508,1620.451050,-1546.796143,,,,2854.226318,1661.570068,-1704.229004
21,0.175000,177.693619,-25.276552,177.226700,2873.153809,1648.808838,-1697.445557,2761.263672,1657.689087,-1785.995239,2893.778809,1647.860229,-1544.981323,3008.985840,1652.212891,-1777.248901,2937.142578,1620.545044,-1546.900146,,,,2854.186035,1661.559448,-1704.349365
22,0.183333,177.648041,-25.305824,177.244324,2873.163086,1648.809082,-1697.623535,2761.243164,1657.668579,-1786.107544,2893.824219,1647.974854,-1545.132202,3008.967285,1652.092896,-1777.464111,2937.232666,1620.691162,-1547.038330,,,,2854.181396,1661.557495,-1704.510742
23,0.191667,177.621262,-25.306026,177.271408,2873.144531,1648.808472,-1697.895752,2761.269043,1657.610107,-1786.243652,2893.739014,1648.043701,-1545.466797,3009.005371,1651.980347,-1777.752075,2937.423828,1620.885864,-1547.233276,,,,2854.152344,1661.540039,-1704.828735
24,0.200000,177.572235,-25.334606,177.293991,2873.288574,1648.831543,-1698.159912,2761.369629,1657.570923,-1786.471069,2893.917480,1648.188477,-1545.687866,3009.146729,1651.852173,-1778.071167,2937.585693,1621.052734,-1547.428345,,,,2854.277588,1661.573120,-1705.060181
25,0.208333,177.555527,-25.319685,177.386078,2873.473877,1648.925537,-1698.343994,2761.723877,1657.694946,-1786.541748,2894.352051,1648.501099,-1545.898315,3009.280518,1651.732544,-1778.407593,2937.787598,1621.196289,-1547.688110,,,,2854.485107,1661.598999,-1705.330078
26,0.216667,177.430008,-25.399498,177.346390,2873.800781,1648.914429,-1698.753052,2761.779785,1657.526733,-1787.058716,2894.695312,1648.721924,-1546.297729,3009.499756,1651.598389,-1778.843140,2938.000488,1621.315796,-1548.062622,,,,2854.773438,1661.691040,-1705.688354
27,0.225000,177.479492,-25.343712,177.511459,2874.114258,1649.064209,-1699.062622,2762.466064,1657.860962,-1787.141357,2895.151855,1648.967163,-1546.757935,3009.861816,1651.459229,-1779.404785,2938.458984,1621.523071,-1548.583496,,,,2855.162354,1661.748047,-1706.118286
28,0.233333,177.389359,-25.461386,177.515015,2874.661865,1649.137817,-1699.759399,2762.600342,1657.853882,-1787.897461,2895.674805,1649.215088,-1547.266235,3010.281006,1651.306885,-1779.959351,2939.098389,1621.752075,-1549.116211,,,,2855.595215,1661.835449,-1706.660767
29,0.241667,177.341812,-25.508165,177.571655,2875.205078,1649.230469,-1700.242554,2763.028320,1657.991577,-1788.414429,2896.213379,1649.457764,-1547.812622,3010.797607,1651.159058,-1780.599487,2939.663086,1621.924194,-1549.556396,,,,2856.241211,1662.045898,-1707.143799
30,0.250000,177.289825,-25.544125,177.660309,2875.875732,1649.406128,-1700.984131,2763.646484,1658.132812,-1789.095459,2897.002441,1649.826660,-1548.492798,3011.455566,1650.996582,-1781.323364,2940.129395,1622.131592,-1550.217651,,,,2856.907715,1662.267700,-1707.836792
31,0.258333,177.360855,-25.431202,177.874741,2876.427246,1649.613403,-1701.671021,2764.691406,1658.597656,-1789.624756,2897.600586,1650.166016,-1549.360352,3012.211182,1650.827026,-1782.070557,2940.874756,1622.390747,-1551.041626,,,,2857.499512,1662.334717,-1708.750610
32,0.266667,177.225739,-25.510208,177.873367,2877.291504,1649.706421,-1702.667480,2765.192627,1658.525391,-1790.806763,2898.276855,1650.546387,-1550.125488,3013.015625,1650.643921,-1782.888184,2941.606689,1622.728638,-1551.701782,,,,2858.320068,1662.469482,-1709.636963
33,0.275000,177.141373,-25.503666,178.013718,2878.290771,1650.010742,-1703.580078,2766.189941,1658.915039,-1791.830322,2899.209473,1651.141602,-1551.031250,3013.993408,1650.430542,-1783.710449,2942.219482,1623.192261,-1552.599487,,,,2859.432129,1662.923096,-1710.548096
34,0.283333,177.128464,-25.352551,178.199173,2879.138672,1650.273804,-1704.495728,2767.512207,1659.231567,-1792.834961,2899.837891,1651.566040,-1552.168823,3015.063477,1650.221069,-1784.646851,2943.122314,1623.744507,-1553.509399,,,,2860.310791,1663.199219,-1711.631592
35,0.291667,176.974304,-25.364237,178.292328,2880.355957,1650.588379,-1705.784790,2768.600830,1659.437744,-1794.397217,2900.921875,1652.310669,-1553.216309,3016.292725,1649.996948,-1785.675537,2943.857422,1624.307617,-1554.556763,,,,2861.526123,1663.649536,-1712.900269
36,0.300000,176.874680,-25.261683,178.442108,2881.605225,1650.900146,-1707.107544,2770.024658,1659.771362,-1795.898804,2901.864258,1652.960815,-1554.472656,3017.606689,1649.778809,-1786.730835,2945.082520,1625.042358,-1555.691895,,,,2862.745117,1663.940186,-1714.241699
37,0.308333,176.822845,-25.100893,178.666443,2882.875732,1651.324585,-1708.260864,2771.816895,1660.275635,-1797.249390,2903.022705,1653.763306,-1555.969727,3018.977051,1649.591431,-1788.009155,2945.991943,1625.635742,-1557.065796,,,,2864.234131,1664.496704,-1715.607178
38,0.316667,176.524612,-24.960985,178.704910,2884.111816,1651.451782,-1709.648804,2773.118408,1660.397705,-1799.233154,2904.335205,1654.556763,-1557.393677,3020.497559,1649.411621,-1789.435425,2947.357666,1626.442017,-1558.321533,2788.599365,1632.458252,-1838.999023,2865.708252,1664.898682,-1717.223755
39,0.325000,176.384247,-24.822903,178.949127,2885.282471,1651.651489,-1710.565796,2774.788330,1660.886963,-1800.982178,2905.534424,1655.213745,-1559.110352,3022.145996,1649.192871,-1791.011108,2948.841309,1627.294189,-1559.882324,2789.753662,1632.326660,-1839.795898,2867.308105,1665.351807,-1718.973511
40,0.333333,176.244385,-24.937868,179.199554,2886.912842,1652.130493,-1712.270142,2776.588867,1661.416382,-1802.786011,2907.295654,1656.147461,-1560.773071,3023.703369,1648.868530,-1792.746460,2950.591309,1628.190186,-1561.606445,2790.858154,1632.575684,-1840.814453,2869.019287,1665.997681,-1720.783081
41,0.341667,176.182999,-24.990883,179.548370,2888.596436,1652.598389,-1714.012451,2778.758301,1662.166382,-1804.398804,2909.214600,1657.007202,-1562.737549,3025.415771,1648.439209,-1794.787354,2952.510986,1628.985474,-1563.456909,2792.016357,1632.958496,-1842.417236,2871.003662,1666.644287,-1722.605591
42,0.350000,176.041809,-25.253349,179.741165,2890.638916,1653.058350,-1716.419434,2780.427490,1662.530518,-1806.473145,2911.429932,1657.905396,-1564.604126,3027.107910,1647.906006,-1796.936646,2954.650391,1629.741333,-1565.383057,2793.337891,1633.254883,-1844.122437,2873.015137,1667.209106,-1724.589722
43,0.358333,175.939224,-25.458195,-179.992462,2892.620605,1653.509521,-1718.633667,2782.396240,1663.133423,-1808.345337,2913.697266,1658.748535,-1566.609375,3028.967285,1647.332642,-1799.229004,2956.825195,1630.526367,-1567.490356,2794.746826,1633.597900,-1845.951416,2875.062500,1667.812378,-1726.620972
44,0.366667,175.803558,-25.758162,-179.721283,2894.877686,1654.077637,-1721.052979,2784.531494,1663.695679,-1810.233032,2916.266113,1659.728760,-1568.540283,3030.887939,1646.753540,-1801.634521,2959.140869,1631.420044,-1569.705322,2796.224121,1634.077759,-1847.833984,2877.237793,1668.544067,-1728.702515
45,0.375000,175.660431,-25.974918,-179.403412,2897.237305,1654.652710,-1723.379761,2786.755859,1664.267578,-1812.200439,2918.889404,1660.718140,-1570.830811,3032.905029,1646.175171,-1804.093262,2961.949951,1632.557739,-1571.659790,2797.805664,1634.528198,-1849.790161,2879.753662,1669.355957,-1730.775635
46,0.383333,175.496933,-26.280991,-179.111893,2899.709229,1655.218872,-1725.793213,2789.242920,1664.908813,-1814.214233,2921.879883,1661.759033,-1572.889404,3035.152588,1645.571289,-1806.651001,2965.633545,1633.823608,-1573.211426,2799.551758,1634.971680,-1851.812500,2882.318115,1670.015137,-1732.977173
47,0.391667,175.333862,-26.460091,-178.770081,2902.468018,1655.866577,-1728.143433,2791.899658,1665.606201,-1816.240845,2925.006104,1662.797119,-1575.428101,3037.564453,1644.962524,-1809.368530,2969.980957,1635.496582,-1574.327759,2801.438965,1635.374512,-1853.927002,2885.107422,1670.865967,-1735.249146
48,0.400000,175.206024,-26.258278,-178.321808,2905.026123,1656.514771,-1729.859863,2794.656738,1666.251587,-1818.429932,2928.406250,1663.985840,-1577.914185,3040.161133,1644.363647,-1812.248779,2974.589844,1637.306885,-1575.384399,2803.543701,1635.780518,-1856.140015,2888.308838,1672.187500,-1737.655029
49,0.408333,174.999496,-26.372009,-178.007721,2907.639648,1657.078247,-1731.923706,2797.624268,1666.990845,-1820.625732,2931.726807,1665.024170,-1580.542480,3042.866455,1643.822510,-1815.206421,2979.237305,1639.146118,-1576.861816,2806.088135,1636.338501,-1858.438843,2891.306885,1672.626709,-1740.041626
50,0.416667,174.711212,-26.865318,-177.768265,2911.687988,1657.989502,-1735.128052,2800.778809,1667.643433,-1822.813965,2935.531250,1666.396851,-1583.305176,3045.859131,1643.288330,-1818.339355,2983.674805,1640.843872,-1578.870483,2808.914551,1636.893188,-1860.656494,2894.594238,1673.364624,-1742.652588
51,0.425000,174.473297,-27.209120,-177.505249,2915.403809,1658.794556,-1738.032959,2803.994629,1668.383423,-1825.310669,2939.648926,1667.851074,-1585.925049,3048.928223,1642.877930,-1821.503662,2987.930176,1642.255981,-1581.184326,2811.978516,1637.447510,-1862.943726,2898.114258,1674.219116,-1745.368896
52,0.433333,174.310257,-27.460335,-177.250916,2919.119385,1659.510620,-1740.886475,2807.430176,1669.119263,-1827.733276,2943.643799,1668.987183,-1588.912964,3052.207520,1642.557617,-1824.756470,2992.117188,1643.452759,-1583.909790,2815.202881,1638.030396,-1865.335938,2901.797852,1675.186157,-1748.027954
53,0.441667,174.153778,-27.767374,-176.990540,2923.001709,1660.257935,-1743.936890,2811.036621,1669.981812,-1830.214844,2948.117676,1670.392090,-1591.609985,3055.746826,1642.292236,-1828.006714,2996.278320,1644.489014,-1587.012817,2818.567139,1638.569702,-1867.833252,2905.654541,1676.035034,-1750.772583
54,0.450000,174.131577,-27.467955,-176.678329,2926.341309,1660.780884,-1745.709229,2814.840820,1670.756226,-1832.752930,2952.359619,1671.351318,-1594.694702,3058.824951,1642.079834,-1830.203003,3000.301025,1645.493408,-1590.302734,2821.984375,1639.171997,-1870.207642,2909.660645,1676.929688,-1753.533936
55,0.458333,173.954086,-26.964949,-175.762268,2930.420898,1661.142090,-1746.971802,2818.852783,1671.738281,-1835.370972,2956.996094,1672.741211,-1597.426758,,,,3004.176758,1646.346436,-1593.684448,2825.517578,1639.806885,-1872.963135,2913.801270,1677.720825,-1756.363037
56,0.466667,173.809265,-27.079094,-174.706772,2934.280518,1661.517334,-1749.880371,2823.121338,1672.653320,-1838.104248,2961.497314,1673.893799,-1600.417603,,,,3008.142822,1647.119263,-1596.956665,2829.482422,1640.567627,-1875.525513,2918.045166,1678.470337,-1759.232422
57,0.475000,173.788162,-27.135435,-174.297363,2938.369873,1662.069580,-1752.835571,2827.428223,1673.466919,-1840.963867,2965.964844,1674.845215,-1603.282593,,,,3012.159424,1647.720215,-1600.117310,2833.667725,1641.358032,-1878.414307,2922.631348,1679.244385,-1762.205811
58,0.483333,173.821869,-27.156900,-173.937103,2942.728760,1662.784058,-1755.798706,2831.915283,1674.480469,-1843.895630,2970.444092,1675.822388,-1606.238647,,,,3016.240234,1648.300903,-1603.198730,2837.968994,1642.196533,-1881.150757,2927.426025,1680.567627,-1765.126099
59,0.491667,174.308350,-26.509380,-176.759125,2949.212402,1665.180664,-1757.978027,2836.551758,1675.456665,-1846.928101,2974.889404,1676.565186,-1609.098022,,,,3020.437744,1648.716919,-1606.122559,2848.786133,1644.408691,-1883.603638,2931.666992,1680.613037,-1768.018555
60,0.500000,174.573853,-25.952795,-178.559952,2955.085938,1667.474243,-1760.618042,2841.338379,1676.416382,-1850.012451,2979.361084,1677.316040,-1611.993164,,,,3025.150146,1649.411987,-1608.470947,2858.118896,1646.235596,-1886.239746,2936.545654,1681.247803,-1770.830688
61,0.508333,174.789352,-25.605438,-178.467728,2960.040283,1668.329956,-1763.086670,2846.561523,1678.009888,-1853.065552,2983.735596,1677.873779,-1614.793335,,,,3030.106445,1650.200562,-1610.073608,2866.013672,1647.699585,-1888.989746,2941.190430,1681.648438,-1773.946289
62,0.516667,174.813507,-25.482887,-178.450546,2964.520020,1668.871460,-1765.688965,2851.388428,1678.660156,-1856.369873,2988.034668,1678.213257,-1617.712036,,,,3035.147949,1650.963135,-1611.387085,2872.400879,1648.802856,-1891.774902,2946.015137,1682.034790,-1776.847656
63,0.525000,174.839981,-25.285355,-178.073364,2969.395020,1669.272705,-1768.121460,2856.379883,1679.440430,-1859.558838,2992.431152,1678.862305,-1620.226685,,,,3040.107178,1651.329468,-1612.874390,2876.841064,1649.561768,-1894.845947,2950.877686,1682.497925,-1779.574951
64,0.533333,174.965622,-25.125896,-177.808777,2974.248291,1669.817627,-1770.614014,2861.472900,1680.504761,-1862.489136,2996.479492,1679.105103,-1622.850952,,,,3044.559326,1651.509033,-1614.375122,2880.070068,1650.046387,-1897.897095,2955.501221,1683.259399,-1782.137207
65,0.541667,174.991699,-25.097187,-176.314072,2978.787354,1669.360229,-1772.888916,2866.454346,1681.549072,-1865.432373,3000.674805,1679.420776,-1625.218384,,,,3048.685791,1651.663452,-1616.154785,2882.837891,1650.416992,-1900.737793,2960.758057,1682.325928,-1784.978760
66,0.550000,175.019257,-25.224453,-174.717987,2982.587158,1668.610962,-1775.457153,2871.449951,1682.555542,-1868.163086,3004.728027,1679.623779,-1627.430908,,,,3052.353027,1651.376831,-1617.979858,2885.474365,1650.641479,-1903.659546,2965.051025,1681.671631,-1787.657715
67,0.558333,175.039719,-25.328064,-172.967285,2986.349121,1667.586182,-1777.804565,2876.298096,1683.427124,-1870.688843,3008.630859,1679.690918,-1629.430420,,,,3055.665771,1650.905151,-1620.250488,2887.939941,1650.904053,-1906.306885,2969.437500,1680.981323,-1789.877319
68,0.566667,175.035461,-25.364792,-171.441895,2990.155029,1667.073975,-1780.094727,2881.041504,1684.118896,-1873.053345,3012.493896,1679.720825,-1631.248657,,,,3058.350586,1650.412231,-1622.572510,2890.490723,1651.052124,-1908.778076,2974.336670,1682.821655,-1791.568726
69,0.575000,175.058105,-25.375273,-169.885086,2993.744141,1666.326416,-1782.062622,2885.694824,1684.711060,-1875.207031,3016.231201,1679.748169,-1632.931641,,,,3061.064453,1649.474243,-1624.962402,2893.340820,1651.172607,-1910.938232,2978.634521,1683.360718,-1793.916748
70,0.583333,175.398224,-25.594803,-167.739700,2997.013672,1664.604248,-1784.855957,2890.062988,1685.149414,-1877.097900,3019.876953,1679.614502,-1634.439575,,,,3058.606689,1645.985107,-1632.805786,2896.541748,1651.167725,-1912.912231,2982.761719,1682.785156,-1795.318481
71,0.591667,175.418228,-25.543289,-167.218231,3000.661865,1664.333008,-1786.201172,2894.006348,1685.587769,-1878.782959,3023.436035,1679.431519,-1635.949829,,,,3063.102295,1646.180176,-1632.691528,2899.731689,1651.214844,-1914.730225,2986.674805,1682.651245,-1796.694702
72,0.600000,175.426132,-25.438931,-166.486725,3004.149170,1663.709717,-1787.463867,2898.309814,1685.357178,-1880.404541,3026.895264,1679.304321,-1637.161133,,,,3066.604736,1645.707764,-1633.322876,2903.223389,1651.087402,-1916.202881,2990.375732,1682.446777,-1798.145874
73,0.608333,175.483505,-25.372519,-166.235107,3007.628418,1663.412842,-1788.631836,2901.933350,1685.403442,-1881.750366,3030.184570,1679.092041,-1638.215454,,,,3068.929443,1645.075806,-1634.881104,2906.916260,1651.023926,-1917.450806,2993.908203,1682.219238,-1799.262207
74,0.616667,175.528336,-25.223907,-166.406738,3011.078613,1663.231689,-1789.470337,2905.440430,1685.278076,-1882.853516,3033.181885,1678.663208,-1639.225098,,,,3072.046875,1644.981567,-1635.758789,2910.771240,1650.826904,-1918.522827,2997.299805,1681.801636,-1800.004883
75,0.625000,175.552475,-25.096878,-166.561401,3014.083252,1663.178589,-1790.061646,2908.488770,1685.089844,-1883.667358,3036.087891,1678.492065,-1639.921631,,,,3075.285400,1645.005005,-1635.552246,2914.662109,1650.821655,-1919.167847,3000.052002,1681.470093,-1800.864746
76,0.633333,175.599457,-24.841772,-167.064957,3017.065430,1663.253418,-1790.299438,2911.216064,1684.932373,-1884.415894,3038.540039,1678.128540,-1640.650513,,,,3078.339844,1645.132690,-1634.546021,2918.533936,1650.753052,-1919.756592,3002.648438,1681.020508,-1801.241333
77,0.641667,175.664932,-24.605322,-167.622192,3019.648193,1663.372070,-1790.203247,2913.535156,1684.735840,-1884.840088,3040.726074,1677.790161,-1641.013062,,,,3081.349609,1645.274536,-1633.325562,2922.266602,1650.827026,-1919.931641,3004.726562,1680.725464,-1801.581055
78,0.650000,175.712601,-24.325800,-168.172028,3021.848145,1663.683594,-1789.833984,2915.468750,1684.633911,-1885.034546,3042.474121,1677.589355,-1641.133911,,,,3083.650879,1645.466919,-1631.716187,2925.765381,1651.097168,-1919.924194,3006.489258,1680.469971,-1801.566162
79,0.658333,175.771515,-23.912853,-169.050720,3023.603027,1664.353394,-1789.168091,2916.905762,1684.623291,-1885.024170,3043.552490,1677.203979,-1640.920898,,,,3085.339600,1645.755371,-1630.078613,2928.965332,1651.430664,-1919.727417,3007.735596,1680.256714,-1801.187134
80,0.666667,175.970200,-23.519161,-170.306610,3024.999268,1665.202148,-1788.371582,2917.764160,1684.740723,-1884.774292,3043.803467,1676.744629,-1640.398560,,,,3086.373047,1645.800659,-1628.325439,2931.800537,1651.929199,-1919.259521,3008.326416,1680.125977,-1800.849609
81,0.675000,176.208282,-23.124432,-171.463531,3025.901367,1666.112427,-1787.371338,2918.147461,1685.039673,-1884.303711,3043.588623,1676.485596,-1639.341919,,,,3086.529053,1645.785278,-1626.345093,2934.223145,1652.737427,-1918.619873,3008.620605,1680.226685,-1799.907471
82,0.683333,176.569809,-23.122469,-172.901123,3026.273926,1667.191406,-1787.410767,2917.965820,1685.544800,-1883.541382,3042.547119,1676.062500,-1638.410400,3165.779785,1641.941406,-1863.740723,3085.922852,1645.847534,-1624.280273,2936.215820,1653.698608,-1917.814941,3008.184326,1680.427246,-1799.004028
83,0.691667,176.781860,-22.684114,-173.161819,3025.813232,1667.820068,-1785.829956,2917.210449,1686.241211,-1882.570801,3041.345459,1675.918823,-1637.221558,3167.833496,1643.098267,-1862.107422,3084.885254,1645.720703,-1622.621338,2937.114990,1654.845459,-1916.634155,3007.117676,1680.786377,-1798.022583
84,0.700000,176.993591,-22.145493,-173.362869,3023.963867,1668.551880,-1783.296631,2915.814697,1687.127197,-1881.290527,3039.519531,1675.826050,-1635.857788,,,,3083.389404,1645.569092,-1621.199707,2937.178955,1656.087158,-1915.385620,3005.654297,1681.336670,-1796.466797
85,0.708333,177.136795,-22.225050,-173.336807,3021.784424,1669.299805,-1782.060303,2913.629395,1688.273804,-1879.698853,3037.237549,1676.390503,-1634.089600,,,,3081.140869,1645.916870,-1619.914185,2936.201172,1657.494263,-1913.788940,3003.404297,1682.088135,-1794.807739
86,0.716667,177.259109,-22.765091,-172.907288,3018.692627,1669.996216,-1781.430542,2910.629150,1689.592285,-1877.758057,3034.143311,1677.125366,-1632.229980,3160.834229,1645.041260,-1857.042725,3078.169434,1646.560791,-1618.520996,2934.100342,1659.038940,-1911.751465,3000.291260,1683.250732,-1793.079712
87,0.725000,177.262512,-22.739159,-172.817276,3014.499268,1671.357178,-1778.847534,2906.486816,1691.132690,-1875.453979,3030.492676,1678.557983,-1630.110596,,,,3074.154785,1647.817993,-1617.033691,2930.266602,1660.564453,-1909.296387,2996.343506,1684.492432,-1790.717529
88,0.733333,177.241943,-22.828846,-172.569077,3009.333252,1672.890991,-1776.200317,2901.247803,1692.867310,-1872.627441,3026.000000,1680.277710,-1627.732544,,,,3069.047363,1649.470093,-1614.945801,2925.065430,1662.287964,-1906.640747,2991.297607,1686.283691,-1788.289185
89,0.741667,177.193283,-23.966120,-171.925659,3002.974854,1674.481567,-1775.411987,2894.845215,1694.798706,-1869.357178,3020.704590,1682.756226,-1624.850098,3138.512451,1647.565430,-1850.514282,3063.325684,1651.521973,-1612.515747,2918.695557,1664.270874,-1903.227295,2985.226318,1688.353516,-1785.265869
90,0.750000,176.985428,-24.551270,-171.919952,2995.486328,1676.737793,-1772.568970,2887.089600,1696.954834,-1865.373291,3014.330811,1685.681763,-1621.530518,3130.932373,1650.056763,-1847.751465,3056.369385,1654.329102,-1609.771240,,,,2977.965088,1690.696533,-1781.670532
91,0.758333,176.646286,-24.710199,-172.303040,2987.073730,1679.802612,-1767.745483,2877.917480,1699.191650,-1860.751343,3006.969727,1689.250488,-1617.554199,3123.656494,1653.409180,-1844.507812,3048.456543,1657.571777,-1606.581543,2891.825684,1666.468628,-1895.611694,2969.364502,1693.469604,-1777.597412
92,0.766667,176.271729,-24.802706,-172.893784,2977.612793,1683.215332,-1762.443604,2866.585449,1701.399414,-1855.186279,2998.215332,1693.286255,-1613.375244,3116.511230,1657.528198,-1840.336426,3039.603027,1661.676270,-1602.329102,2884.256592,1669.320679,-1889.735474,2959.297852,1696.681152,-1772.858032
93,0.775000,175.930496,-24.868917,-173.448303,2966.669434,1687.083496,-1756.533569,2854.005615,1704.356567,-1848.687256,2987.985840,1697.648682,-1608.165161,3108.995605,1662.020752,-1835.267944,3029.518799,1666.735962,-1596.746948,2876.272217,1672.755127,-1882.671753,2947.257080,1699.931763,-1767.284180
94,0.783333,175.021835,-26.091940,-170.733765,2950.809326,1688.728760,-1749.812622,2838.608643,1707.218872,-1841.105835,2975.067383,1702.729492,-1602.011963,,,,3017.562012,1672.434937,-1589.328979,,,,2932.498779,1703.825684,-1760.334106
95,0.791667,174.644608,-26.805321,-173.315033,2933.687988,1695.255005,-1743.156738,2819.869873,1710.821899,-1832.321045,2958.349121,1708.915771,-1594.244263,,,,,,,,,,2914.208252,1709.132080,-1752.203125
96,0.800000,174.019211,-27.007221,-174.087753,2911.531250,1701.863647,-1733.832397,2796.902100,1715.838867,-1822.483032,2936.111816,1716.744141,-1584.592407,,,,,,,,,,2891.515381,1715.451050,-1742.597168
97,0.808333,173.297989,-26.686836,-174.526779,2881.727783,1710.571411,-1721.861816,2768.721191,1722.616089,-1811.642212,2906.881592,1726.601440,-1573.165771,,,,,,,,,,2862.889404,1723.581055,-1731.203613
98,0.816667,172.818619,-25.176506,-175.604080,2848.307861,1720.899292,-1707.694214,2734.254395,1731.144287,-1799.454102,2869.488037,1737.534912,-1559.740234,2991.751709,1695.923706,-1784.391602,,,,2758.099609,1698.328491,-1832.344727,2827.417725,1732.951172,-1717.912598
99,0.825000,172.350204,-24.953505,-174.310043,2804.915527,1729.922363,-1691.996948,2692.896973,1740.604492,-1784.721313,2824.074463,1748.910522,-1543.587036,,,,,,,,,,2784.689453,1742.857178,-1701.859375
100,0.833333,172.306671,-23.970217,-172.033981,2753.980225,1738.785278,-1671.378906,2647.852051,1751.318481,-1763.264526,2771.943359,1759.369995,-1523.764282,,,,,,,,,,2735.188232,1752.068359,-1682.194580
101,0.841667,172.246750,-23.642576,-176.409958,2700.296875,1749.511719,-1648.471313,2591.567383,1758.093750,-1743.854736,2714.266357,1767.566040,-1500.627808,,,,2776.283936,1740.049927,-1493.491333,2610.027588,1724.709961,-1774.248291,2680.218262,1758.999756,-1658.540894
102,0.850000,172.165512,-22.638277,-172.085251,2641.277588,1751.720093,-1621.984985,2534.227539,1763.754150,-1717.782715,2653.681885,1772.658203,-1473.400635,,,,,,,,,,2621.969238,1764.377930,-1631.683960
103,0.858333,172.097961,-21.649225,-172.901779,2581.759033,1757.280396,-1591.943359,2476.589111,1768.436401,-1691.861328,2592.748047,1777.546387,-1444.275513,2724.750244,1727.269897,-1655.108032,,,,2492.728516,1732.594727,-1720.014282,2563.638916,1770.260620,-1604.133545
104,0.866667,172.063400,-20.614399,-171.165649,2522.666504,1762.883423,-1563.723389,2420.219727,1775.664185,-1665.749268,2532.853271,1785.304443,-1415.153931,2671.558838,1729.881836,-1621.120972,2568.656250,1749.652954,-1406.862061,2431.906982,1737.684814,-1697.093506,2506.297607,1775.772095,-1577.207397
105,0.875000,171.776642,-20.054375,-168.580078,2464.813965,1770.193848,-1535.839233,2364.661865,1784.835205,-1639.736328,2473.810303,1795.433472,-1387.325562,2618.072754,1730.833252,-1587.363159,2509.409424,1759.338745,-1378.701294,2375.465332,1746.400879,-1671.433960,2449.067871,1781.770386,-1550.345093
106,0.883333,171.477295,-19.762650,-166.433548,2406.849121,1777.297607,-1509.087646,2308.853516,1793.223511,-1614.295410,2415.322021,1805.022705,-1360.919678,2563.055664,1733.200073,-1555.218140,2449.917236,1767.606201,-1351.369629,2318.770752,1753.868774,-1645.208008,2392.359375,1789.372070,-1524.026489
107,0.891667,171.035126,-19.547709,-164.642578,2349.896973,1785.203613,-1482.495972,2253.340820,1802.212769,-1589.267334,2357.738037,1815.066284,-1335.154419,2506.615234,1736.730103,-1525.739868,2390.493408,1776.250000,-1324.420776,2262.317627,1761.511597,-1617.763672,2336.378662,1798.579590,-1497.945679
108,0.900000,170.887436,-20.051634,-161.149612,2293.247070,1793.921631,-1458.010620,2198.892578,1813.517578,-1564.416504,2301.268311,1827.840576,-1309.628418,2428.770996,1733.330078,-1514.876343,2332.585693,1788.335693,-1297.752563,2207.250732,1772.275513,-1592.413696,2280.813965,1808.608643,-1472.195557
109,0.908333,170.618225,-19.895153,-158.829559,2238.730713,1805.265381,-1433.134521,2145.084961,1826.489624,-1539.993896,2245.621338,1842.421631,-1284.589111,2371.695801,1739.096069,-1486.628662,2275.914551,1802.637573,-1271.682495,2152.424805,1785.181641,-1567.931641,2225.444824,1819.724609,-1446.891113
110,0.916667,170.180634,-19.718859,-157.153946,2183.616455,1817.588257,-1407.898804,2091.569336,1839.425049,-1516.011963,2190.504883,1856.971313,-1260.104614,2315.366943,1747.242310,-1459.298218,2219.551514,1816.343872,-1246.232056,2097.660156,1797.151123,-1542.711548,2171.124512,1832.488647,-1422.189209
111,0.925000,169.756363,-19.643478,-155.735901,2129.072266,1830.924072,-1383.137085,2038.432129,1853.405151,-1492.393066,2136.108398,1872.321777,-1235.946411,2259.599854,1756.890381,-1432.418823,2163.481934,1830.921265,-1221.184326,2043.180664,1809.845459,-1517.490601,2117.637207,1846.659424,-1397.967651
112,0.933333,169.493912,-19.397511,-153.952866,2075.787109,1846.104858,-1358.791016,1986.686157,1869.465454,-1469.235352,2082.935059,1889.787354,-1212.278198,2204.480225,1767.494019,-1406.139282,2109.229736,1848.101929,-1196.802612,1991.602417,1825.935669,-1494.178223,2064.557617,1861.565796,-1374.060547
113,0.941667,169.393326,-18.941944,-152.214142,2023.667114,1862.229004,-1335.670044,1935.401733,1886.465088,-1446.714478,2030.423462,1908.322876,-1189.310913,2149.896973,1779.193604,-1380.366577,2055.922363,1866.293579,-1172.973022,1944.015869,1843.281006,-1471.628174,2012.392578,1877.507202,-1350.681641
114,0.950000,169.032532,-19.018496,-150.913055,1971.377319,1879.656372,-1312.338379,1884.673462,1903.644043,-1424.467285,1978.519775,1926.870605,-1166.961792,2096.420166,1792.679688,-1355.205444,2002.828125,1884.275879,-1149.667847,1890.142822,1859.674805,-1448.086426,1961.134521,1894.773438,-1327.880005
115,0.958333,168.539017,-19.209223,-149.551422,1920.894165,1896.953613,-1289.966064,1834.837769,1921.773560,-1402.793701,1927.834106,1946.359741,-1144.857422,2043.677368,1807.148804,-1330.708496,1950.759399,1903.238403,-1126.975586,1836.523560,1876.440430,-1425.101440,1910.781982,1912.745239,-1305.619995
116,0.966667,168.410400,-18.982071,-147.945297,1871.064575,1915.955200,-1267.868530,1786.321655,1941.417847,-1381.549316,1878.265991,1967.213867,-1123.354736,1991.682983,1822.400513,-1306.727661,1900.606689,1924.143433,-1105.053589,1789.135376,1896.901001,-1403.649536,1861.068481,1931.415649,-1283.737671
117,0.975000,168.020584,-18.778749,-146.529343,1821.679199,1935.626221,-1246.056030,1738.434082,1961.349487,-1360.778931,1829.497314,1988.523560,-1102.623657,1940.565308,1838.726074,-1283.331787,1850.686523,1945.216797,-1083.245605,1740.678467,1915.922363,-1382.896851,1812.294312,1950.807617,-1262.463135
118,0.983333,167.813202,-18.707008,-145.418594,1773.151978,1955.917114,-1225.210327,1691.130005,1981.472046,-1340.462646,1781.583862,2009.947754,-1082.292847,1890.682129,1856.182739,-1260.631348,1801.735962,1966.261108,-1062.176270,1693.890625,1935.651245,-1361.793945,1764.519653,1971.043213,-1241.783447
119,0.991667,167.509338,-18.691088,-144.302124,1725.984741,1976.582275,-1204.932861,1644.720337,2002.216553,-1320.676636,1734.785156,2032.306641,-1062.416992,1841.600830,1874.440796,-1238.600586,1753.905884,1988.482422,-1041.823242,1647.622681,1956.180298,-1341.269409,1717.662842,1991.752563,-1221.614868
120,1.000000,167.068542,-18.687181,-143.216812,1680.444092,1997.803101,-1185.162354,1599.392700,2023.773193,-1301.343506,1689.075073,2055.439209,-1043.232910,1793.693604,1893.392700,-1217.136963,1707.825562,2011.810303,-1022.286987,1600.735962,1977.468506,-1321.780640,1671.533203,2012.973267,-1201.915649
121,1.008333,166.730118,-18.749189,-142.254074,1634.216064,2019.997803,-1165.596558,1554.858887,2045.207031,-1282.871338,1644.151245,2078.661377,-1024.647827,1746.792725,1913.236816,-1196.302368,1662.100830,2034.922852,-1002.834229,1555.188110,1999.196533,-1302.263184,1626.412354,2034.666748,-1182.677979
122,1.016667,166.269119,-18.878431,-141.591980,1589.597778,2042.274658,-1146.286011,1510.914185,2067.185059,-1263.945801,1600.167480,2102.103516,-1006.358398,1701.203003,1933.796143,-1176.185181,1617.321167,2058.214355,-984.125305,1509.799561,2020.313232,-1282.961914,1582.008057,2056.768799,-1163.978394
123,1.025000,165.850693,-19.030706,-141.107269,1546.004395,2064.503662,-1128.281128,1466.964966,2088.755859,-1245.946289,1557.134766,2125.970459,-988.625793,1656.444336,1954.821533,-1156.548828,1573.868408,2082.344727,-966.053101,1466.558594,2042.121826,-1264.594116,1538.624023,2079.136230,-1145.778931
124,1.033333,165.339844,-19.092588,-140.410385,1503.991577,2086.965332,-1110.506104,1425.153931,2111.085449,-1228.583252,1515.023438,2150.213379,-971.648315,1612.560059,1976.122681,-1137.582886,1531.217529,2106.631592,-948.345337,1423.103760,2064.159180,-1246.548584,1495.808594,2101.535645,-1128.058594
125,1.041667,164.937302,-19.209618,-140.082291,1461.210205,2110.338623,-1092.698486,1383.044434,2133.487793,-1210.986450,1473.396973,2174.339111,-954.926575,1569.909180,1998.033203,-1119.052002,1489.355835,2130.674316,-931.113098,1381.202026,2086.124268,-1228.991211,1453.880005,2124.288086,-1110.818848
126,1.050000,164.402344,-19.193375,-139.687088,1420.032715,2133.478760,-1075.427734,1342.541748,2155.702393,-1194.430664,1432.536987,2198.208008,-938.493225,1527.840210,2020.351929,-1101.343018,1448.236816,2154.994873,-914.507935,1339.649658,2108.038330,-1211.704956,1412.765503,2147.299072,-1094.037598
127,1.058333,164.178009,-19.298635,-139.632965,1380.476929,2155.923584,-1059.567505,1301.588745,2178.176758,-1177.712158,1392.464233,2222.243652,-922.642883,1487.148193,2043.005493,-1083.903809,1408.153076,2179.336670,-898.318176,1300.471069,2130.677002,-1195.144409,1372.337402,2170.124512,-1077.632080
128,1.066667,163.651245,-19.403200,-139.399460,1339.764282,2179.907471,-1042.935791,1262.177856,2200.832520,-1162.000977,1352.899780,2246.601562,-907.111938,1447.147339,2065.747803,-1067.275391,1368.627930,2203.583252,-882.442261,1258.743652,2153.010986,-1178.947754,1332.554932,2193.145264,-1061.696289
129,1.075000,163.383682,-19.435461,-139.507553,1301.465698,2202.333252,-1027.743042,1222.663940,2223.054688,-1146.278442,1313.853027,2270.359863,-891.857727,1408.112549,2088.656006,-1050.923340,1329.399170,2227.635010,-866.807373,1220.414307,2175.202393,-1163.009766,1293.528320,2216.150391,-1046.183350
130,1.083333,163.065582,-19.534992,-139.581161,1262.866089,2225.276367,-1012.425537,1184.033081,2245.314453,-1131.125732,1275.500977,2293.950439,-876.887695,1369.738037,2111.616211,-1035.153687,1291.110229,2251.379395,-851.824097,1181.253662,2197.355225,-1147.352295,1255.087769,2239.130615,-1030.912964
131,1.091667,162.695755,-19.597944,-139.677124,1224.846436,2248.412109,-997.419189,1146.057739,2267.511230,-1116.306885,1237.715820,2317.854492,-862.370300,1332.277466,2134.670166,-1019.639282,1253.351685,2275.324951,-837.052673,1142.825562,2219.681396,-1132.408203,1217.536865,2262.003174,-1015.982056
132,1.100000,162.405090,-19.453365,-139.775406,1187.575073,2271.260986,-982.746704,1109.247192,2289.499268,-1101.931763,1200.246338,2341.242188,-848.063965,1295.368530,2157.621094,-1004.676575,1216.068848,2299.052979,-822.496399,1106.305542,2241.774170,-1117.626465,1179.932373,2284.473633,-1001.335632
133,1.108333,162.169968,-19.579779,-140.591476,1151.053101,2293.727783,-968.575073,1071.821289,2311.304443,-1087.332886,1163.313354,2364.415039,-833.946350,1262.336426,2180.913330,-989.272644,1179.262329,2322.116455,-808.336060,1068.610229,2263.403809,-1103.003052,1143.062622,2307.027100,-987.190369
134,1.116667,161.666473,-19.804918,-140.284729,1113.265259,2316.545410,-954.491089,1035.296631,2332.793213,-1073.449097,1126.937256,2387.335693,-820.325867,1223.278809,2203.362793,-975.833252,1143.092407,2345.181641,-794.530945,1029.329834,2284.836426,-1088.759399,1107.136719,2329.324463,-973.354553
135,1.125000,161.405579,-19.710314,-140.447845,1078.127075,2338.469482,-940.942200,999.729797,2354.312500,-1059.728516,1090.919434,2409.988281,-806.760681,1188.122925,2225.994873,-961.894165,1107.583618,2368.208740,-780.996643,994.009827,2306.613770,-1074.980713,1070.988770,2351.386963,-959.628784
136,1.133333,161.128082,-19.683868,-140.936523,1042.328369,2360.891602,-927.540771,964.200623,2375.509277,-1046.386841,1055.511230,2432.458740,-793.921326,1153.668335,2248.780029,-948.288025,1072.211182,2390.765625,-767.807861,958.571533,2327.721924,-1061.528931,1035.680908,2373.252686,-946.409668
137,1.141667,160.886246,-19.665932,-141.386154,1007.563721,2382.383789,-914.535889,929.064209,2396.188721,-1033.307373,1020.554871,2454.454834,-780.834839,1119.463623,2271.179688,-935.352234,1037.799561,2412.831055,-754.740479,923.819458,2348.439941,-1048.297852,1000.529419,2394.744629,-933.369568
138,1.150000,160.571655,-19.518602,-141.845428,973.142456,2403.753906,-901.705811,894.390381,2416.631104,-1020.597107,985.424927,2476.289307,-768.237488,1085.888062,2293.295898,-922.478149,1003.264771,2434.836182,-742.089233,889.622375,2368.732910,-1035.190918,966.347351,2416.091553,-920.621887
139,1.158333,160.370377,-19.553459,-142.371140,939.254944,2424.737549,-889.320801,859.833679,2436.926270,-1007.887939,951.353271,2497.630615,-755.979614,1052.844360,2315.202148,-909.711792,969.300781,2456.435791,-729.757996,855.646301,2389.109619,-1022.622925,932.172302,2436.935547,-907.960876
140,1.166667,160.131439,-19.502583,-142.947098,905.475830,2445.378174,-877.143799,825.592590,2456.755127,-995.567139,917.225464,2518.612793,-743.845825,1020.154968,2336.755371,-897.491028,935.250732,2477.638184,-717.495789,822.033813,2408.907959,-1010.174988,897.771851,2457.759277,-895.805908
141,1.175000,159.801529,-19.270632,-143.363907,871.801636,2465.901855,-864.833252,792.262329,2476.175781,-983.251221,882.945190,2539.107422,-732.057312,987.306030,2358.042969,-885.617310,902.036194,2498.441895,-705.515381,788.858276,2428.309082,-997.934814,864.229492,2477.844238,-883.816345
142,1.183333,159.589005,-19.242489,-144.053314,838.833069,2485.714111,-853.225769,758.699158,2495.134766,-971.266113,849.339661,2559.414307,-720.418274,955.472107,2379.154297,-873.610229,868.421875,2518.894287,-693.920105,755.583679,2447.373535,-985.990845,831.608337,2497.724609,-871.808777
143,1.191667,159.296005,-19.098642,-144.531570,805.904663,2505.393311,-841.672058,725.592285,2513.867920,-959.791626,815.949951,2579.453125,-708.991333,923.561951,2399.601562,-862.120728,835.061523,2539.117188,-682.651245,723.039368,2466.042969,-974.309448,798.307739,2517.325928,-860.369873
144,1.200000,159.042801,-19.010902,-144.995880,774.258240,2524.297119,-830.298889,693.235901,2532.201904,-948.072266,783.531189,2598.727051,-697.557190,891.928223,2419.890625,-850.714722,802.949768,2558.769775,-671.289185,690.995483,2484.406982,-962.597717,765.847717,2536.341797,-848.982788
145,1.208333,158.832428,-18.870657,-145.667923,741.548889,2543.305176,-818.879395,660.516174,2550.111084,-936.895020,750.648010,2617.600342,-686.390747,860.867981,2439.787842,-839.737122,770.211304,2577.747559,-660.169373,659.186096,2502.048584,-951.186096,733.795227,2555.111084,-837.754578
146,1.216667,158.689896,-18.880066,-146.359528,709.458923,2561.222412,-808.317627,627.734558,2567.369629,-925.947021,718.096558,2636.003418,-675.590881,829.948120,2458.988281,-828.650696,738.141235,2596.459961,-649.205261,627.128113,2519.553955,-940.025208,700.477295,2573.217529,-827.022766
147,1.225000,158.408401,-18.656885,-146.752029,678.609558,2579.040771,-797.248840,596.680908,2584.494629,-914.604858,686.029175,2654.123535,-664.813171,798.925964,2478.131348,-817.966370,706.390503,2614.737061,-638.430359,596.110352,2536.601562,-928.940186,670.023010,2591.002686,-815.692505
148,1.233333,158.417206,-18.687504,-147.638153,646.668640,2596.245850,-787.003479,563.705322,2600.854248,-904.145203,653.842896,2671.604004,-654.175171,768.549438,2496.730957,-807.513245,675.173523,2632.515625,-627.814148,565.249817,2553.587646,-918.227722,637.177856,2608.140869,-805.291504
149,1.241667,158.024323,-18.439810,-147.999634,615.971436,2613.483643,-776.115234,533.270386,2617.050049,-893.178833,622.678345,2688.843262,-643.560486,738.231506,2514.912354,-797.156616,642.782898,2649.847168,-617.767090,534.244873,2569.623291,-907.457397,606.183838,2625.023193,-794.888306
150,1.250000,157.815079,-18.379082,-148.549286,584.827026,2629.984619,-765.880249,501.693420,2632.695068,-882.918091,591.277039,2705.526367,-633.277100,707.936890,2532.454346,-786.965515,612.361023,2666.771729,-607.331421,503.224243,2585.250244,-897.057739,574.625488,2641.425537,-784.602173
151,1.258333,157.882584,-18.321342,-149.423401,554.041870,2645.452637,-756.303955,470.303314,2647.857422,-872.721558,558.622192,2721.548096,-623.681824,678.239868,2549.890625,-777.039856,581.509888,2683.177979,-597.196533,473.674805,2600.607666,-886.234924,543.983704,2657.351807,-774.269104
152,1.266667,157.422546,-18.160309,-150.023148,522.587280,2661.543701,-745.799805,439.343567,2662.388916,-862.317688,527.665894,2737.219238,-613.424866,648.738159,2566.721436,-767.321594,550.443237,2698.992432,-587.270264,441.480896,2614.827637,-876.386536,512.983704,2672.990234,-764.263123
153,1.275000,157.262695,-18.005177,-150.511932,492.551239,2676.413574,-736.077637,408.797546,2676.830811,-852.384644,496.593323,2752.422119,-603.527954,619.559082,2582.716797,-757.529053,519.049316,2714.498291,-577.590271,411.212921,2629.291748,-866.750122,481.665222,2687.874023,-754.436096
154,1.283333,157.116470,-18.160683,-151.054245,461.743042,2691.146729,-726.710571,378.100342,2690.576660,-842.697632,466.492676,2767.209473,-593.706543,589.052795,2598.791992,-748.251831,489.742523,2729.482178,-567.701477,380.145325,2643.032227,-857.405518,452.022400,2702.586426,-744.901794
155,1.291667,157.046417,-17.770727,-151.803802,432.696930,2704.878174,-717.252808,347.209839,2703.981934,-833.194458,435.302948,2781.524414,-584.318909,561.319458,2613.843018,-738.721802,459.073303,2743.786377,-558.237915,353.534210,2657.003418,-846.554932,420.909485,2716.442383,-735.251465
156,1.300000,156.934158,-17.869444,-152.311661,402.944855,2718.515625,-708.077087,317.433594,2717.133301,-823.852356,404.740906,2795.013428,-574.990601,531.232849,2629.140137,-729.595032,429.117981,2757.967041,-548.909241,321.914093,2669.549316,-837.185852,391.600220,2730.291992,-725.769897
157,1.308333,156.573090,-17.503281,-152.903946,371.978729,2732.443115,-698.402893,286.325500,2729.470703,-814.723694,374.060303,2808.456299,-566.045593,503.413910,2643.338867,-720.411133,399.940643,2771.257812,-539.657837,292.247284,2682.049561,-828.310364,360.991180,2743.366455,-716.414307
158,1.316667,156.551193,-17.472500,-153.348190,343.423828,2745.011475,-688.833252,258.632935,2741.584961,-804.425293,344.739624,2821.199951,-556.712158,474.580231,2657.088379,-711.579041,369.603729,2784.464600,-531.053406,264.297455,2694.413086,-818.481812,331.757751,2756.114746,-707.153931
159,1.325000,156.519211,-17.416143,-153.854324,314.197845,2757.085449,-680.176514,229.189804,2753.311035,-795.396240,314.869385,2833.367920,-547.536804,445.490112,2670.676025,-702.905823,340.196747,2796.833008,-521.677185,235.024200,2706.139160,-809.450500,302.604462,2768.327881,-698.155518
160,1.333333,156.250031,-16.980427,-154.131119,284.110962,2769.229004,-671.454529,200.586914,2764.744629,-786.383972,284.176117,2845.114502,-539.041626,417.137512,2683.483398,-694.130127,311.813751,2808.775146,-512.509338,204.467300,2717.222656,-801.499023,271.799927,2780.176758,-689.836182
161,1.341667,156.062576,-16.966537,-154.543503,254.412170,2780.882812,-662.367004,170.735840,2775.274658,-777.750000,255.830917,2856.406738,-529.825317,388.850677,2695.808105,-685.608765,281.770721,2820.242432,-504.270081,174.959290,2727.886963,-792.809570,243.054688,2791.256104,-680.914551
162,1.350000,156.043793,-17.761272,-155.246399,228.553482,2791.168945,-654.252930,141.995819,2785.436279,-768.959106,225.216171,2867.327148,-521.630249,360.225739,2707.735840,-677.501404,,,,148.006104,2738.317139,-783.161560,216.530624,2802.566895,-672.070435
163,1.358333,155.969147,-17.259556,-155.770279,197.601288,2801.479492,-646.075134,111.181725,2795.012451,-761.280884,198.075867,2877.859131,-512.529358,332.137634,2719.395752,-669.107239,223.233002,2841.732910,-487.131256,117.619972,2747.717529,-775.749023,185.789062,2812.591797,-663.527466
164,1.366667,155.892212,-16.407032,-156.392731,169.131165,2811.568848,-637.349487,82.906776,2804.174805,-752.847107,167.110504,2887.157227,-504.737793,305.087585,2730.487305,-660.822754,194.048019,2851.320068,-479.296814,93.535324,2757.890381,-765.625671,156.722946,2822.438965,-655.051025
165,1.375000,155.802979,-16.599548,-156.601486,140.661896,2821.148926,-629.257751,55.167675,2813.551514,-744.039734,139.799454,2896.541748,-496.265747,276.547516,2740.813721,-653.234680,166.751495,2861.149170,-470.251678,62.334942,2766.495361,-758.771973,127.599480,2832.179199,-647.157166
166,1.383333,155.700180,-16.427578,-156.981461,112.514168,2830.457520,-620.507568,27.044193,2822.166504,-735.801453,111.145760,2905.663086,-487.466400,249.053116,2750.901367,-645.135376,138.063324,2870.173096,-462.380157,35.515549,2774.969727,-749.902649,100.661255,2840.988281,-638.835449
167,1.391667,155.891098,-16.399136,-157.440521,86.025002,2838.305908,-612.968079,-0.225468,2830.286133,-727.623291,81.662827,2913.782715,-479.790436,221.584747,2760.417480,-637.279663,110.336433,2878.899658,-454.261841,8.859547,2783.476807,-741.510559,72.715103,2849.408936,-630.319702
168,1.400000,155.705017,-15.654135,-157.909302,56.075062,2847.154053,-604.721924,-27.950191,2837.848633,-719.215881,52.399879,2921.412354,-472.335846,194.340515,2769.861816,-629.747437,81.588905,2886.723389,-446.464630,-18.447950,2791.403809,-733.856384,43.087540,2857.462402,-623.436584
169,1.408333,155.534195,-15.740913,-158.306976,29.316444,2854.887451,-596.525940,-55.264519,2844.781738,-711.076111,26.465483,2929.268799,-463.328583,167.692123,2778.554932,-621.899109,53.907578,2894.231445,-438.667816,-46.459610,2798.454102,-725.742065,15.172169,2865.274414,-615.158447
170,1.416667,155.685226,-15.840565,-159.133102,0.690710,2861.499268,-589.605713,-86.606857,2851.233154,-704.928833,-4.453343,2935.509521,-456.510712,141.393860,2786.919189,-614.193115,25.969658,2901.179688,-431.151367,-74.618011,2805.096924,-718.656921,-10.342010,2871.779053,-607.323853
171,1.425000,155.480560,-15.624328,-159.585510,-27.019718,2868.402588,-582.210571,-114.443756,2856.739990,-697.857056,-29.182039,2942.617920,-447.760223,113.851067,2794.855957,-607.062073,0.533058,2907.941406,-422.302582,-101.097626,2811.610596,-710.832764,-41.655247,2878.901123,-600.249512
172,1.433333,155.621155,-15.429752,-159.481537,-54.752377,2874.597656,-574.721191,-138.740219,2863.766846,-689.413086,-59.450489,2948.345703,-441.220825,85.420349,2801.787842,-600.578308,-28.904570,2913.949707,-415.699310,-130.067856,2817.312500,-704.343506,-67.694283,2884.676025,-592.562012
173,1.441667,155.667999,-15.524842,-160.217545,-80.880600,2880.214111,-567.375244,-165.949539,2868.772217,-681.649475,-85.773766,2953.620117,-433.102722,59.974640,2808.965576,-593.196899,-58.230011,2919.491455,-409.194305,-156.312912,2822.825928,-696.814453,-94.882355,2890.530029,-585.553467
174,1.450000,155.632492,-14.960454,-160.407166,-108.203415,2885.953613,-560.063293,-191.469116,2874.760254,-673.660095,-114.822052,2958.539307,-426.676117,32.899498,2815.492920,-586.480164,-83.680939,2924.646240,-401.010803,-182.620712,2827.975586,-689.544617,-122.200806,2896.123779,-578.305908
175,1.458333,155.569458,-14.828200,-160.680344,-136.489456,2891.245117,-552.179077,-215.947723,2880.229248,-665.285278,-141.248383,2962.989258,-418.761414,6.451690,2821.556396,-579.554443,-111.732849,2929.430420,-394.304962,-209.686600,2832.580322,-682.761414,-151.748642,2900.346191,-571.500549
176,1.466667,155.534271,-15.569008,-161.660583,-160.684265,2894.928467,-546.342224,,,,-168.861420,2967.681641,-411.680237,-19.312492,2827.189453,-572.406921,,,,-236.066971,2836.803955,-675.925049,-175.686127,2904.721680,-563.722900
177,1.475000,155.464645,-14.881350,-161.794388,-187.656906,2900.844727,-537.410156,-272.110992,2887.008057,-653.025391,-194.470703,2971.513916,-403.672791,-47.014107,2832.142822,-566.485901,-150.914185,2943.180908,-372.385376,-260.640442,2841.395020,-668.556213,-206.140213,2909.000244,-557.819458
178,1.483333,155.501434,-14.795995,-162.571869,-213.618820,2904.462158,-531.243591,-301.149048,2889.802002,-647.554443,-222.185303,2974.425049,-396.963318,-72.393501,2837.230713,-559.645386,-174.436035,2948.105469,-363.386230,-283.511169,2846.013428,-660.259399,-231.529861,2913.412598,-549.852905
179,1.491667,155.536362,-15.585215,-162.537445,-239.099319,2906.805908,-525.994690,-327.020599,2892.501465,-640.465698,-247.525208,2978.030518,-389.252991,-100.087402,2840.836914,-554.491455,,,,-314.762726,2847.136230,-656.186035,-253.802124,2917.861572,-542.273926
180,1.500000,155.638901,-15.816867,-163.022858,-264.329407,2909.665527,-519.482605,-351.110077,2895.837646,-632.721375,-271.129456,2981.804932,-380.746368,-124.681931,2845.816406,-547.285950,,,,-341.003082,2849.585938,-649.902588,,,
181,1.508333,155.934448,-16.094406,-163.507355,-289.478699,2910.888916,-513.444275,-379.485596,2896.928711,-627.195984,,,,-150.852203,2849.115967,-541.283264,,,,-365.042236,2852.658447,-642.954346,-302.852509,2920.557129,-529.660767
182,1.516667,155.775024,-14.196827,-164.026031,-320.404327,2914.185059,-506.084198,-405.584351,2898.596924,-621.023621,-329.419586,2983.285400,-370.590637,-177.737778,2852.553467,-535.822998,,,,-391.730011,2854.043213,-637.724426,-334.139008,2922.844971,-524.438110
183,1.525000,156.049438,-13.307482,-164.493988,-348.985931,2915.172363,-500.646301,-430.049591,2900.700684,-614.470398,-359.211029,2983.245850,-366.106934,-201.744019,2856.035156,-528.985596,-324.877106,2952.056641,-340.923279,-418.375244,2855.057861,-631.832031,-364.586975,2924.214600,-518.954102
184,1.533333,156.186340,-13.619410,-165.153793,-372.999359,2916.278809,-494.991211,-457.450409,2900.875977,-609.159058,-386.854279,2983.639160,-360.359283,-227.280045,2857.995361,-523.428955,,,,-442.847534,2856.510986,-625.848389,-391.178436,2925.633789,-513.751770
185,1.541667,156.129761,-12.994617,-165.542236,-398.697754,2918.498535,-486.893402,-482.926147,2901.495850,-603.439819,-409.755188,2985.115234,-352.011932,-252.146423,2860.574951,-517.616455,-367.770416,2957.284180,-323.089966,-466.279785,2858.028320,-618.965881,,,
186,1.550000,155.485168,-14.738780,-165.731384,-420.167023,2918.910889,-483.791229,-509.035767,2901.338135,-597.771362,,,,-277.548981,2862.250488,-511.870026,,,,-493.325775,2857.475098,-614.196045,,,
187,1.558333,155.240234,-14.905456,-166.118332,-444.398285,2919.748291,-478.155548,-532.737915,2901.837646,-591.283264,,,,-300.611786,2864.301025,-505.616302,,,,-519.210693,2857.279785,-609.233093,,,
188,1.566667,155.200562,-14.948318,-166.224106,-468.054230,2920.310547,-472.178253,-554.940552,2902.620605,-583.912659,,,,-325.926941,2865.112305,-500.162292,,,,-543.487061,2856.964600,-603.422546,,,
189,1.575000,155.083786,-14.894016,-166.508972,-488.139069,2921.037109,-467.184082,,,,,,,,,,,,,,,,,,
190,1.583333,155.083786,-14.894016,-166.508972,-488.139069,2921.037109,-467.184082,,,,,,,,,,,,,,,,,,
191,1.591667,155.083786,-14.894016,-166.508972,-488.139069,2921.037109,-467.184082,,,,,,,,,,,,,,,,,,
192,1.600000,155.083786,-14.894016,-166.508972,-488.139069,2921.037109,-467.184082,,,,,,,,,,,,,,,,,,
193,1.608333,155.083786,-14.894016,-166.508972,-488.139069,2921.037109,-467.184082,,,,,,,,,,,,,,,,,,
194,1.616667,155.083786,-14.894016,-166.508972,-488.139069,2921.037109,-467.184082,,,,,,,,,,,,,,,,,,
195,1.625000,155.083786,-14.894016,-166.508972,-488.139069,2921.037109,-467.184082,,,,,,,,,,,,,,,,,,
196,1.633333,155.083786,-14.894016,-166.508972,-488.139069,2921.037109,-467.184082,,,,,,,,,,,,,,,,,,
197,1.641667,155.083786,-14.894016,-166.508972,-488.139069,2921.037109,-467.184082,,,,,,,,,,,,,,,,,,
198,1.650000,155.083786,-14.894016,-166.508972,-488.139069,2921.037109,-467.184082,,,,,,,,,,,,,,,,,,
199,1.658333,155.083786,-14.894016,-166.508972,-488.139069,2921.037109,-467.184082,,,,,,,,,,,,,,,,,,
200,1.666667,155.083786,-14.894016,-166.508972,-488.139069,2921.037109,-467.184082,,,,,,,,,,,,,,,,,,
201,1.675000,155.083786,-14.894016,-166.508972,-488.139069,2921.037109,-467.184082,,,,,,,,,,,,,,,,,,
202,1.683333,155.083786,-14.894016,-166.508972,-488.139069,2921.037109,-467.184082,,,,,,,,,,,,,,,,,,
203,1.691667,155.083786,-14.894016,-166.508972,-488.139069,2921.037109,-467.184082,,,,,,,,,,,,,,,,,,
204,1.700000,155.083786,-14.894016,-166.508972,-488.139069,2921.037109,-467.184082,,,,,,,,,,,,,,,,,,
205,1.708333,155.083786,-14.894016,-166.508972,-488.139069,2921.037109,-467.184082,,,,,,,,,,,,,,,,,,
206,1.716667,155.083786,-14.894016,-166.508972,-488.139069,2921.037109,-467.184082,,,,,,,,,,,,,,,,,,
207,1.725000,155.083786,-14.894016,-166.508972,-488.139069,2921.037109,-467.184082,,,,,,,,,,,,,,,,,,
208,1.733333,155.083786,-14.894016,-166.508972,-488.139069,2921.037109,-467.184082,,,,,,,,,,,,,,,,,,
209,1.741667,155.083786,-14.894016,-166.508972,-488.139069,2921.037109,-467.184082,,,,,,,,,,,,,,,,,,
210,1.750000,155.083786,-14.894016,-166.508972,-488.139069,2921.037109,-467.184082,,,,,,,,,,,,,,,,,,
211,1.758333,155.083786,-14.894016,-166.508972,-488.139069,2921.037109,-467.184082,,,,,,,,,,,,,,,,,,
212,1.766667,155.083786,-14.894016,-166.508972,-488.139069,2921.037109,-467.184082,,,,,,,,,,,,,,,,,,
213,1.775000,155.083786,-14.894016,-166.508972,-488.139069,2921.037109,-467.184082,,,,,,,,,,,,,,,,,,
214,1.783333,155.083786,-14.894016,-166.508972,-488.139069,2921.037109,-467.184082,,,,,,,,,,,,,,,,,,
215,1.791667,155.083786,-14.894016,-166.508972,-488.139069,2921.037109,-467.184082,,,,,,,,,,,,,,,,,,
216,1.800000,155.083786,-14.894016,-166.508972,-488.139069,2921.037109,-467.184082,,,,,,,,,,,,,,,,,,
217,1.808333,155.083786,-14.894016,-166.508972,-488.139069,2921.037109,-467.184082,,,,,,,,,,,,,,,,,,
218,1.816667,155.083786,-14.894016,-166.508972,-488.139069,2921.037109,-467.184082,,,,,,,,,,,,,,,,,,
219,1.825000,155.083786,-14.894016,-166.508972,-488.139069,2921.037109,-467.184082,,,,,,,,,,,,,,,,,,
220,1.833333,155.083786,-14.894016,-166.508972,-488.139069,2921.037109,-467.184082,,,,,,,,,,,,,,,,,,
221,1.841667,155.083786,-14.894016,-166.508972,-488.139069,2921.037109,-467.184082,,,,,,,,,,,,,,,,,,
222,1.850000,155.083786,-14.894016,-166.508972,-488.139069,2921.037109,-467.184082,,,,,,,,,,,,,,,,,,
223,1.858333,155.083786,-14.894016,-166.508972,-488.139069,2921.037109,-467.184082,,,,,,,,,,,,,,,,,,
224,1.866667,155.083786,-14.894016,-166.508972,-488.139069,2921.037109,-467.184082,,,,,,,,,,,,,,,,,,
225,1.875000,155.083786,-14.894016,-166.508972,-488.139069,2921.037109,-467.184082,,,,,,,,,,,,,,,,,,
226,1.883333,155.083786,-14.894016,-166.508972,-488.139069,2921.037109,-467.184082,,,,,,,,,,,,,,,,,,
227,1.891667,155.083786,-14.894016,-166.508972,-488.139069,2921.037109,-467.184082,,,,,,,,,,,,,,,,,,
228,1.900000,155.083786,-14.894016,-166.508972,-488.139069,2921.037109,-467.184082,,,,,,,,,,,,,,,,,,
229,1.908333,155.083786,-14.894016,-166.508972,-488.139069,2921.037109,-467.184082,,,,,,,,,,,,,,,,,,
230,1.916667,155.083786,-14.894016,-166.508972,-488.139069,2921.037109,-467.184082,,,,,,,,,,,,,,,,,,
231,1.925000,155.083786,-14.894016,-166.508972,-488.139069,2921.037109,-467.184082,,,,,,,,,,,,,,,,,,
232,1.933333,155.083786,-14.894016,-166.508972,-488.139069,2921.037109,-467.184082,,,,,,,,,,,,,,,,,,
233,1.941667,155.083786,-14.894016,-166.508972,-488.139069,2921.037109,-467.184082,,,,,,,,,,,,,,,,,,
234,1.950000,155.083786,-14.894016,-166.508972,-488.139069,2921.037109,-467.184082,,,,,,,,,,,,,,,,,,
235,1.958333,155.083786,-14.894016,-166.508972,-488.139069,2921.037109,-467.184082,,,,,,,,,,,,,,,,,,
236,1.966667,173.843124,-1.942984,158.718231,-1653.052368,2456.043701,-286.198547,-1721.523926,2434.913574,-411.445557,-1686.590210,2450.960693,-140.025925,,,,,,,-1684.932861,2418.460693,-440.951813,,,
237,1.975000,174.243286,-1.868486,158.029572,-1677.872681,2436.981934,-283.221313,-1745.997559,2415.918457,-408.610443,-1711.352661,2430.418457,-137.078552,,,,,,,-1709.402344,2400.197266,-438.310760,,,
238,1.983333,174.725403,-2.095733,154.594193,-1702.887451,2419.517090,-282.047302,-1770.513672,2396.504150,-405.878479,-1736.385132,2409.433838,-134.178299,-1560.835571,2486.052979,-309.621216,-1686.401123,2401.636719,-118.515038,-1733.623901,2381.509277,-435.601410,-1719.589355,2424.187012,-296.956543
239,1.991667,175.277191,-2.508318,153.400665,-1727.170288,2400.110107,-280.354706,-1795.129639,2376.543457,-403.107208,-1760.744751,2388.260498,-131.189575,-1586.559204,2468.868408,-305.683167,-1708.946655,2378.966797,-118.867531,-1758.609619,2363.416992,-434.708038,-1745.207275,2404.239990,-294.139343
240,2.000000,175.541000,-2.446371,152.519958,-1751.422119,2380.327637,-277.139008,-1819.954224,2356.116455,-400.387726,-1785.793579,2366.573486,-128.278854,-1611.500732,2451.566895,-301.341187,-1732.405884,2356.519043,-118.051285,-1782.991089,2342.765381,-430.826416,-1770.344971,2383.953613,-291.182587
241,2.008333,175.991379,-2.334723,151.648621,-1776.658569,2359.750977,-274.385925,-1844.937622,2335.391113,-397.907898,-1811.460083,2344.412109,-125.638199,-1637.692749,2433.354004,-297.673737,-1756.994751,2334.589844,-115.910538,-1807.696289,2322.776367,-428.292877,-1795.720337,2363.297119,-288.205566
242,2.016667,176.351608,-2.176929,150.676147,-1801.869385,2338.830811,-271.293243,-1869.405640,2314.365479,-394.881989,-1836.497192,2321.972412,-122.795158,-1664.594238,2414.686523,-294.233948,-1782.600098,2312.900146,-112.459145,-1831.618164,2302.443604,-424.921906,-1820.962158,2342.034668,-285.149780
243,2.025000,176.631454,-1.950821,149.906662,-1827.608154,2317.386230,-268.147339,-1894.471802,2292.681641,-392.201782,-1862.022339,2299.067139,-120.091034,-1691.136475,2395.329346,-290.717407,-1808.942993,2291.520508,-108.105652,-1856.250244,2281.705078,-422.269958,-1846.720215,2320.431641,-282.254211
244,2.033333,176.814148,-1.791228,149.065033,-1853.261719,2295.614990,-264.951172,-1919.267944,2270.595459,-389.401245,-1886.737183,2275.887695,-117.025574,-1717.755127,2375.747559,-286.981171,-1835.703735,2270.249023,-103.146301,-1881.137695,2260.201904,-419.588318,-1872.563477,2298.455322,-279.458038
245,2.041667,177.153137,-1.411712,148.312744,-1879.391479,2272.998779,-261.576385,-1943.941650,2247.976562,-386.468567,-1912.595215,2252.071289,-114.349442,-1745.098633,2355.373535,-283.369354,-1862.876221,2248.552002,-97.933823,-1906.072266,2238.380859,-416.945099,-1896.858887,2276.044434,-276.027527
246,2.050000,177.299133,-1.339822,147.490860,-1905.098145,2250.409912,-258.783356,-1969.365479,2225.082031,-383.858185,-1938.212158,2227.981445,-111.608582,-1771.253906,2334.873779,-279.524994,-1889.842041,2226.688232,-92.773148,-1931.167480,2216.184814,-414.361572,-1923.081787,2253.042725,-273.315857
247,2.058333,177.515060,-1.154732,146.749619,-1930.832520,2227.395508,-255.667007,-1994.637817,2201.652832,-381.120331,-1963.757690,2203.436279,-108.748573,-1797.962402,2313.627930,-275.800873,-1916.663086,2204.084473,-88.116257,-1956.110840,2193.523438,-411.628021,-1948.698853,2229.675049,-270.300995
248,2.066667,177.786743,-1.041973,145.954010,-1956.656372,2203.842529,-252.616562,-2019.850464,2177.946777,-378.411530,-1988.631226,2178.668457,-105.673515,-1825.062622,2291.904785,-272.151520,-1943.223877,2180.572510,-83.855263,-1981.299438,2170.450195,-409.076263,-1974.566406,2205.810547,-267.318146
249,2.075000,178.046829,-0.796153,145.251801,-1982.725830,2179.611328,-249.420486,-2044.990967,2153.653320,-375.543457,-2014.490601,2153.567871,-103.071838,-1852.081299,2269.539062,-268.463898,-1969.358276,2156.388672,-80.157784,-2006.363159,2146.732178,-406.137329,-2000.310181,2181.458252,-264.190247
250,2.083333,178.499680,-0.472743,144.549469,-2009.319336,2154.523438,-246.044250,-2070.344238,2128.958984,-372.805695,-2040.550293,2127.535400,-100.223862,-1879.696289,2246.554199,-264.804504,-1995.384888,2131.535889,-76.892868,-2031.629272,2122.745361,-403.510742,-2026.116333,2156.827881,-261.161072
251,2.091667,178.737900,-0.383787,143.904831,-2035.167236,2129.610840,-243.182755,-2095.796387,2103.787109,-370.019958,-2066.496094,2101.333740,-97.419579,-1906.084595,2223.359863,-260.806976,-2021.441162,2105.977783,-73.848145,-2057.118652,2098.136719,-400.853607,-2052.352295,2131.613281,-258.426331
252,2.100000,178.775299,-0.372518,143.092606,-2060.915283,2104.725586,-240.267807,-2121.136475,2078.185791,-367.056366,-2092.176270,2074.853516,-94.611526,-1933.288086,2199.529541,-257.118988,-2043.156128,2083.906982,-71.365196,-2082.697510,2073.155029,-398.139954,-2078.214600,2105.943848,-255.254150
253,2.108333,179.087753,-0.643840,142.295059,-2085.684570,2079.404053,-237.480698,-2146.781494,2052.079590,-364.384735,-2118.312744,2047.824341,-91.800056,-1960.384766,2175.166016,-253.275162,,,,-2108.231934,2047.684204,-395.383331,-2104.251709,2079.947510,-252.250366
254,2.116667,179.412109,-0.512344,141.641983,-2111.656982,2053.015869,-234.389725,-2171.717529,2025.832397,-361.240570,-2144.557861,2020.322144,-89.038017,-1987.602661,2150.208984,-249.476242,,,,-2133.973633,2021.755493,-392.840973,-2129.716064,2053.490234,-248.920044
255,2.125000,179.623169,-0.496690,140.983200,-2138.002197,2026.214844,-231.530319,-2198.192627,1998.737305,-358.835999,-2170.679688,1992.442383,-86.187538,-2015.093384,2124.752686,-245.774918,,,,-2159.508789,1995.382324,-390.044525,-2156.483887,2026.421509,-246.088837
256,2.133333,179.859039,-0.402849,140.383575,-2164.697266,1998.440796,-228.522369,-2223.737793,1971.433716,-355.855316,-2197.067139,1964.166870,-83.336220,-2042.424927,2098.759521,-242.077805,,,,-2185.402100,1968.540039,-387.423950,-2182.853027,1998.920288,-243.020706
257,2.141667,-179.878052,-0.372411,139.833008,-2190.899902,1970.831787,-225.411682,-2249.919678,1943.655273,-353.251312,-2223.459961,1935.416260,-80.547256,-2069.716797,2072.257568,-238.122849,,,,-2211.369385,1941.421997,-384.577972,-2208.483398,1971.220459,-239.638885
258,2.150000,-179.721985,-0.438490,139.183777,-2216.925537,1943.074463,-222.578400,-2275.724854,1915.447266,-350.301880,-2249.955322,1906.283447,-77.694344,-2097.227295,2045.301880,-234.342545,,,,-2237.708740,1913.777832,-382.300232,-2235.095215,1942.934692,-236.645340
259,2.158333,-179.355301,-0.051622,138.716034,-2243.916260,1914.003784,-219.361084,-2300.934814,1886.984741,-347.104340,-2276.638428,1876.659424,-74.980652,-2124.724854,2017.787476,-230.607437,,,,-2263.617432,1885.570068,-379.316437,-2261.627930,1914.174927,-233.664185
260,2.166667,-179.185486,-0.106087,138.150345,-2270.229736,1885.188232,-216.480804,-2327.258301,1857.868286,-344.428223,-2303.205811,1846.663330,-72.028824,-2152.322021,1989.744263,-226.853424,,,,-2289.900146,1857.035400,-376.750336,-2288.050293,1884.994995,-230.623657
261,2.175000,-179.034683,-0.046958,137.663116,-2296.186035,1856.509888,-213.599030,-2353.318604,1828.406982,-341.456116,-2330.082764,1816.353638,-69.271309,-2179.857666,1961.206787,-223.059372,,,,-2316.259277,1827.772827,-374.240234,-2315.049561,1855.291382,-227.749557
262,2.183333,-178.836288,0.057040,137.220078,-2322.982910,1826.672729,-210.570328,-2379.842529,1798.523193,-338.934540,-2356.979492,1785.689697,-66.381111,-2207.494141,1932.157227,-219.257996,,,,-2342.495361,1798.319336,-371.339569,-2341.842529,1825.263672,-224.688812
263,2.191667,-178.658768,0.133637,136.802261,-2349.841553,1796.249023,-207.475143,-2406.197266,1768.096680,-335.841064,-2384.068115,1754.511475,-63.528313,-2235.052979,1902.581909,-215.539627,,,,-2369.011230,1768.275269,-368.652130,-2368.627930,1794.691895,-221.593430
264,2.200000,-178.438522,0.283881,136.427872,-2377.009033,1765.308472,-204.440750,-2432.618408,1737.336060,-332.950562,-2411.276367,1723.016968,-60.685112,-2262.774658,1872.555176,-211.880951,,,,-2395.579346,1738.002930,-366.019257,-2395.421143,1763.813843,-218.485428
265,2.208333,-178.137009,0.742526,136.183807,-2405.163086,1733.022827,-200.972565,-2459.443848,1706.121948,-330.305969,-2438.506592,1691.149048,-57.839466,-2290.585938,1841.970947,-208.199570,,,,-2420.599121,1707.708374,-361.436951,-2422.620605,1732.529907,-215.468430
266,2.216667,-178.227570,0.628476,135.837540,-2431.805664,1702.012329,-198.128616,-2486.062988,1674.429810,-327.213837,-2466.761963,1659.238525,-54.551491,-2318.316650,1810.890503,-204.429047,,,,-2448.715332,1675.769287,-359.991852,-2449.765137,1700.676025,-212.360245
267,2.225000,-177.693985,0.862343,135.410034,-2458.576416,1670.230835,-195.652054,-2512.327148,1641.512695,-323.860474,-2494.379150,1626.533325,-51.755783,-2346.108643,1779.273071,-200.776505,,,,-2472.806396,1647.943481,-357.964935,-2477.088379,1668.528564,-209.368942
268,2.233333,-178.178589,1.504416,134.935913,-2485.024658,1637.837280,-191.440094,-2538.284424,1608.323242,-320.608093,-2522.166748,1593.525879,-48.837406,-2374.035889,1747.218872,-197.199432,,,,,,,-2504.051270,1635.131104,-205.895111
269,2.241667,-178.202393,2.219273,134.532532,-2512.984375,1603.274536,-187.624985,-2563.921387,1574.635864,-317.209839,-2550.049805,1560.228760,-45.964611,-2401.949219,1714.624023,-193.634445,,,,,,,-2530.442627,1601.347656,-202.351166
270,2.250000,-178.121826,3.063330,134.112305,-2540.289062,1568.878174,-183.953705,-2589.259766,1540.180054,-313.781281,-2578.119141,1526.390381,-43.051769,-2429.912354,1681.596924,-190.120453,,,,,,,-2556.650879,1567.018188,-198.900558
271,2.258333,-177.263443,1.555161,134.609344,-2570.876465,1538.865479,-183.679535,,,,-2606.334717,1492.399048,-40.127445,-2461.067383,1648.625977,-187.248550,,,,,,,-2591.272949,1536.722534,-198.213058
272,2.266667,-177.086761,1.997390,134.405319,-2600.713379,1502.966797,-179.156540,-2651.658691,1476.150146,-310.220795,-2634.703613,1457.979614,-37.284420,-2489.393066,1614.682983,-183.792313,,,,,,,-2619.427246,1502.782104,-195.268356
273,2.275000,-177.254105,2.988293,134.298203,-2629.706055,1467.992432,-174.888367,-2678.599121,1440.946777,-306.763367,-2663.137207,1423.088623,-34.316952,-2517.673584,1580.240234,-180.337601,-2618.207764,1438.860840,-5.837938,,,,-2647.572754,1468.160522,-192.218140
274,2.283333,-177.556793,3.465206,133.931229,-2657.158691,1433.931396,-171.274506,-2705.292480,1405.332275,-303.489105,-2691.886963,1388.047607,-31.399992,-2546.038818,1545.258789,-176.968582,-2647.794922,1407.142578,0.336351,,,,-2675.891602,1433.084717,-189.183060
275,2.291667,-177.813293,3.695439,133.646515,-2685.007324,1398.530884,-168.399078,-2732.110352,1369.188599,-300.090271,-2720.590576,1352.530762,-28.493570,-2574.550049,1509.906250,-173.554123,-2677.512451,1375.525024,6.530933,,,,-2704.375244,1397.918701,-186.323212
276,2.300000,-178.059464,2.828378,134.011078,-2712.956787,1363.197266,-167.924591,-2759.181885,1332.711304,-296.681763,-2749.497070,1316.719604,-25.677040,-2603.149902,1474.216919,-170.275284,,,,,,,-2733.124756,1362.278564,-183.287979
277,2.308333,-178.104233,2.993221,133.972107,-2741.707520,1327.039062,-164.862457,-2787.320801,1296.253784,-293.638306,-2778.593018,1280.446167,-22.749582,-2631.968018,1438.094849,-166.982483,,,,,,,-2761.903076,1326.241577,-180.236588
278,2.316667,-178.096191,3.072687,134.100372,-2770.125488,1291.520386,-161.918808,-2816.318359,1260.067627,-290.674957,-2807.901123,1244.179443,-19.809679,-2660.691895,1401.579834,-163.690140,,,,,,,-2790.869385,1289.826782,-177.270859
279,2.325000,-177.923569,3.083466,134.151199,-2800.002441,1253.957275,-158.860886,-2846.091309,1223.905151,-288.110260,-2837.302490,1207.369141,-16.862808,-2689.835693,1364.748657,-160.519958,,,,,,,-2820.096924,1253.271362,-174.395065
280,2.333333,-177.706635,3.004570,134.332169,-2829.536621,1216.908691,-155.757141,-2876.621582,1187.819092,-285.436798,-2866.932861,1170.417358,-13.905787,-2718.950439,1327.478027,-157.336166,,,,,,,-2849.409668,1216.315063,-171.404312
281,2.341667,-176.454987,2.100889,135.185013,-2860.712646,1179.936279,-152.831161,-2912.424561,1155.340088,-284.834839,-2896.797852,1133.116699,-10.987189,-2748.304199,1289.823975,-154.220444,,,,,,,-2878.986328,1179.100098,-168.406189
282,2.350000,-176.421143,2.124791,135.329208,-2890.579346,1142.441162,-149.765137,-2942.318604,1118.096802,-281.729248,-2926.845947,1095.647705,-7.930974,-2777.912354,1252.047241,-151.075638,,,,,,,-2908.853760,1141.585449,-165.370300
283,2.358333,-176.416779,2.168720,135.495224,-2920.746094,1104.611572,-146.756821,-2972.491455,1080.455322,-278.752350,-2957.213623,1057.957764,-4.972693,-2807.750977,1213.907837,-147.991287,,,,,,,-2938.978760,1103.783325,-162.384369
284,2.366667,-176.467163,2.196018,135.679749,-2951.082275,1066.642944,-143.806931,-3002.880615,1042.510132,-275.816589,-2987.816162,1020.086182,-1.990747,-2837.738281,1175.512329,-144.932434,,,,,,,-2969.440918,1065.858887,-159.399872
285,2.375000,-176.441025,2.297430,135.948318,-2981.905762,1028.264526,-140.587067,-3033.562988,1004.477234,-272.731506,-3018.703369,982.048462,1.044885,-2867.933350,1136.759888,-141.919937,,,,,,,-2999.973633,1027.866821,-156.314590
286,2.383333,-176.485214,2.316526,136.203735,-3012.140137,990.588379,-137.742508,-3064.542725,966.173584,-269.882263,-3049.858643,943.791809,4.038454,-2898.390137,1097.672241,-138.931137,,,,,,,-3030.904053,989.400818,-153.389893
287,2.391667,-176.519302,2.312779,136.458649,-3043.273682,951.998474,-134.825607,-3095.842041,927.800232,-266.866821,-3081.260498,905.383179,7.048775,-2929.069580,1058.564697,-135.934525,,,,,,,-3062.123047,950.805359,-150.492981
288,2.400000,-176.867355,3.060300,137.032303,-3076.650146,912.502319,-130.903458,-3127.466553,889.273560,-263.813507,-3113.081055,867.083130,10.072635,-2960.035400,1019.091614,-133.069244,-3066.782959,882.093811,39.305435,,,,-3093.521729,912.131775,-147.534653
289,2.408333,-176.738144,2.895777,137.397949,-3107.705566,874.170959,-128.364929,-3159.515625,850.578552,-260.795166,-3145.688232,830.170654,12.087194,-2991.277100,979.424011,-130.087204,,,,,,,-3125.444824,873.271423,-144.503525
290,2.416667,-176.980270,3.126718,138.071472,-3140.073730,835.915771,-126.003235,-3191.749512,812.760071,-258.404297,-3179.587646,793.309326,14.101509,-3022.842285,939.507202,-127.223175,,,,,,,-3157.713135,834.461731,-141.533508
291,2.425000,-177.299683,3.377648,138.935257,-3173.359863,797.791443,-123.705063,-3225.316162,774.888245,-255.771164,-3214.127197,756.682922,16.239119,-3054.674805,899.484436,-124.391479,,,,,,,-3190.458252,796.640076,-139.233383
292,2.433333,-177.481064,3.817397,139.494812,-3202.425049,763.452271,-120.874481,,,,,,,,,,,,,,,,,,
293,2.441667,-177.481064,3.817397,139.494812,-3202.425049,763.452271,-120.874481,,,,,,,,,,,,,,,,,,
294,2.450000,-177.481064,3.817397,139.494812,-3202.425049,763.452271,-120.874481,,,,,,,,,,,,,,,,,,
295,2.458333,-177.481064,3.817397,139.494812,-3202.425049,763.452271,-120.874481,,,,,,,,,,,,,,,,,,
296,2.466667,-177.481064,3.817397,139.494812,-3202.425049,763.452271,-120.874481,,,,,,,,,,,,,,,,,,
297,2.475000,-177.481064,3.817397,139.494812,-3202.425049,763.452271,-120.874481,,,,,,,,,,,,,,,,,,
298,2.483333,-177.481064,3.817397,139.494812,-3202.425049,763.452271,-120.874481,,,,,,,,,,,,,,,,,,
299,2.491667,-177.481064,3.817397,139.494812,-3202.425049,763.452271,-120.874481,,,,,,,,,,,,,,,,,,
300,2.500000,-177.481064,3.817397,139.494812,-3202.425049,763.452271,-120.874481,,,,,,,,,,,,,,,,,,
301,2.508333,-177.481064,3.817397,139.494812,-3202.425049,763.452271,-120.874481,,,,,,,,,,,,,,,,,,
302,2.516667,-177.481064,3.817397,139.494812,-3202.425049,763.452271,-120.874481,,,,,,,,,,,,,,,,,,
303,2.525000,-177.481064,3.817397,139.494812,-3202.425049,763.452271,-120.874481,,,,,,,,,,,,,,,,,,
304,2.533333,-177.481064,3.817397,139.494812,-3202.425049,763.452271,-120.874481,,,,,,,,,,,,,,,,,,
305,2.541667,-177.481064,3.817397,139.494812,-3202.425049,763.452271,-120.874481,,,,,,,,,,,,,,,,,,
306,2.550000,-177.481064,3.817397,139.494812,-3202.425049,763.452271,-120.874481,,,,,,,,,,,,,,,,,,
307,2.558333,-177.481064,3.817397,139.494812,-3202.425049,763.452271,-120.874481,,,,,,,,,,,,,,,,,,
308,2.566667,-177.481064,3.817397,139.494812,-3202.425049,763.452271,-120.874481,,,,,,,,,,,,,,,,,,
309,2.575000,-177.481064,3.817397,139.494812,-3202.425049,763.452271,-120.874481,,,,,,,,,,,,,,,,,,
310,2.583333,-177.481064,3.817397,139.494812,-3202.425049,763.452271,-120.874481,,,,,,,,,,,,,,,,,,
311,2.591667,-177.481064,3.817397,139.494812,-3202.425049,763.452271,-120.874481,,,,,,,,,,,,,,,,,,
312,2.600000,-177.481064,3.817397,139.494812,-3202.425049,763.452271,-120.874481,,,,,,,,,,,,,,,,,,
313,2.608333,-177.481064,3.817397,139.494812,-3202.425049,763.452271,-120.874481,,,,,,,,,,,,,,,,,,
314,2.616667,-177.481064,3.817397,139.494812,-3202.425049,763.452271,-120.874481,,,,,,,,,,,,,,,,,,
315,2.625000,-177.481064,3.817397,139.494812,-3202.425049,763.452271,-120.874481,,,,,,,,,,,,,,,,,,
316,2.633333,-177.481064,3.817397,139.494812,-3202.425049,763.452271,-120.874481,,,,,,,,,,,,,,,,,,
317,2.641667,-177.481064,3.817397,139.494812,-3202.425049,763.452271,-120.874481,,,,,,,,,,,,,,,,,,
318,2.650000,-177.481064,3.817397,139.494812,-3202.425049,763.452271,-120.874481,,,,,,,,,,,,,,,,,,
319,2.658333,-177.481064,3.817397,139.494812,-3202.425049,763.452271,-120.874481,,,,,,,,,,,,,,,,,,
320,2.666667,-177.481064,3.817397,139.494812,-3202.425049,763.452271,-120.874481,,,,,,,,,,,,,,,,,,
321,2.675000,-177.481064,3.817397,139.494812,-3202.425049,763.452271,-120.874481,,,,,,,,,,,,,,,,,,
322,2.683333,-177.481064,3.817397,139.494812,-3202.425049,763.452271,-120.874481,,,,,,,,,,,,,,,,,,
323,2.691667,-177.481064,3.817397,139.494812,-3202.425049,763.452271,-120.874481,,,,,,,,,,,,,,,,,,
324,2.700000,-177.481064,3.817397,139.494812,-3202.425049,763.452271,-120.874481,,,,,,,,,,,,,,,,,,
325,2.708333,-177.481064,3.817397,139.494812,-3202.425049,763.452271,-120.874481,,,,,,,,,,,,,,,,,,
326,2.716667,-177.481064,3.817397,139.494812,-3202.425049,763.452271,-120.874481,,,,,,,,,,,,,,,,,,
327,2.725000,-177.481064,3.817397,139.494812,-3202.425049,763.452271,-120.874481,,,,,,,,,,,,,,,,,,
328,2.733333,-177.481064,3.817397,139.494812,-3202.425049,763.452271,-120.874481,,,,,,,,,,,,,,,,,,
329,2.741667,-177.481064,3.817397,139.494812,-3202.425049,763.452271,-120.874481,,,,,,,,,,,,,,,,,,
330,2.750000,-177.481064,3.817397,139.494812,-3202.425049,763.452271,-120.874481,,,,,,,,,,,,,,,,,,
331,2.758333,-177.481064,3.817397,139.494812,-3202.425049,763.452271,-120.874481,,,,,,,,,,,,,,,,,,
332,2.766667,-177.481064,3.817397,139.494812,-3202.425049,763.452271,-120.874481,,,,,,,,,,,,,,,,,,
333,2.775000,-177.481064,3.817397,139.494812,-3202.425049,763.452271,-120.874481,,,,,,,,,,,,,,,,,,
334,2.783333,-177.481064,3.817397,139.494812,-3202.425049,763.452271,-120.874481,,,,,,,,,,,,,,,,,,
335,2.791667,-177.481064,3.817397,139.494812,-3202.425049,763.452271,-120.874481,,,,,,,,,,,,,,,,,,
336,2.800000,-177.481064,3.817397,139.494812,-3202.425049,763.452271,-120.874481,,,,,,,,,,,,,,,,,,
337,2.808333,-177.481064,3.817397,139.494812,-3202.425049,763.452271,-120.874481,,,,,,,,,,,,,,,,,,
338,2.816667,-177.481064,3.817397,139.494812,-3202.425049,763.452271,-120.874481,,,,,,,,,,,,,,,,,,
339,2.825000,-177.481064,3.817397,139.494812,-3202.425049,763.452271,-120.874481,,,,,,,,,,,,,,,,,,
340,2.833333,-177.481064,3.817397,139.494812,-3202.425049,763.452271,-120.874481,,,,,,,,,,,,,,,,,,
341,2.841667,-177.481064,3.817397,139.494812,-3202.425049,763.452271,-120.874481,,,,,,,,,,,,,,,,,,
342,2.850000,-177.481064,3.817397,139.494812,-3202.425049,763.452271,-120.874481,,,,,,,,,,,,,,,,,,
343,2.858333,-177.481064,3.817397,139.494812,-3202.425049,763.452271,-120.874481,,,,,,,,,,,,,,,,,,
344,2.866667,-177.481064,3.817397,139.494812,-3202.425049,763.452271,-120.874481,,,,,,,,,,,,,,,,,,
345,2.875000,-177.481064,3.817397,139.494812,-3202.425049,763.452271,-120.874481,,,,,,,,,,,,,,,,,,
346,2.883333,-177.481064,3.817397,139.494812,-3202.425049,763.452271,-120.874481,,,,,,,,,,,,,,,,,,
347,2.891667,-177.481064,3.817397,139.494812,-3202.425049,763.452271,-120.874481,,,,,,,,,,,,,,,,,,
348,2.900000,-177.481064,3.817397,139.494812,-3202.425049,763.452271,-120.874481,,,,,,,,,,,,,,,,,,
349,2.908333,-177.481064,3.817397,139.494812,-3202.425049,763.452271,-120.874481,,,,,,,,,,,,,,,,,,
350,2.916667,-177.481064,3.817397,139.494812,-3202.425049,763.452271,-120.874481,,,,,,,,,,,,,,,,,,
351,2.925000,-177.481064,3.817397,139.494812,-3202.425049,763.452271,-120.874481,,,,,,,,,,,,,,,,,,
352,2.933333,-177.481064,3.817397,139.494812,-3202.425049,763.452271,-120.874481,,,,,,,,,,,,,,,,,,
353,2.941667,-177.481064,3.817397,139.494812,-3202.425049,763.452271,-120.874481,,,,,,,,,,,,,,,,,,
354,2.950000,-177.481064,3.817397,139.494812,-3202.425049,763.452271,-120.874481,,,,,,,,,,,,,,,,,,
355,2.958333,-177.481064,3.817397,139.494812,-3202.425049,763.452271,-120.874481,,,,,,,,,,,,,,,,,,
356,2.966667,-177.481064,3.817397,139.494812,-3202.425049,763.452271,-120.874481,,,,,,,,,,,,,,,,,,
357,2.975000,-177.481064,3.817397,139.494812,-3202.425049,763.452271,-120.874481,,,,,,,,,,,,,,,,,,
358,2.983333,-177.481064,3.817397,139.494812,-3202.425049,763.452271,-120.874481,,,,,,,,,,,,,,,,,,
359,2.991667,-177.481064,3.817397,139.494812,-3202.425049,763.452271,-120.874481,,,,,,,,,,,,,,,,,,
360,3.000000,-177.481064,3.817397,139.494812,-3202.425049,763.452271,-120.874481,,,,,,,,,,,,,,,,,,
361,3.008333,-177.481064,3.817397,139.494812,-3202.425049,763.452271,-120.874481,,,,,,,,,,,,,,,,,,
362,3.016667,-177.481064,3.817397,139.494812,-3202.425049,763.452271,-120.874481,,,,,,,,,,,,,,,,,,
363,3.025000,-177.481064,3.817397,139.494812,-3202.425049,763.452271,-120.874481,,,,,,,,,,,,,,,,,,
364,3.033333,-177.481064,3.817397,139.494812,-3202.425049,763.452271,-120.874481,,,,,,,,,,,,,,,,,,
365,3.041667,-177.481064,3.817397,139.494812,-3202.425049,763.452271,-120.874481,,,,,,,,,,,,,,,,,,
366,3.050000,-177.481064,3.817397,139.494812,-3202.425049,763.452271,-120.874481,,,,,,,,,,,,,,,,,,
367,3.058333,-177.481064,3.817397,139.494812,-3202.425049,763.452271,-120.874481,,,,,,,,,,,,,,,,,,
368,3.066667,-177.481064,3.817397,139.494812,-3202.425049,763.452271,-120.874481,,,,,,,,,,,,,,,,,,
369,3.075000,-177.481064,3.817397,139.494812,-3202.425049,763.452271,-120.874481,,,,,,,,,,,,,,,,,,
370,3.083333,-177.481064,3.817397,139.494812,-3202.425049,763.452271,-120.874481,,,,,,,,,,,,,,,,,,
371,3.091667,-177.481064,3.817397,139.494812,-3202.425049,763.452271,-120.874481,,,,,,,,,,,,,,,,,,
372,3.100000,-177.481064,3.817397,139.494812,-3202.425049,763.452271,-120.874481,,,,,,,,,,,,,,,,,,
373,3.108333,-177.481064,3.817397,139.494812,-3202.425049,763.452271,-120.874481,,,,,,,,,,,,,,,,,,
374,3.116667,-177.481064,3.817397,139.494812,-3202.425049,763.452271,-120.874481,,,,,,,,,,,,,,,,,,
375,3.125000,-177.481064,3.817397,139.494812,-3202.425049,763.452271,-120.874481,,,,,,,,,,,,,,,,,,
376,3.133333,-177.481064,3.817397,139.494812,-3202.425049,763.452271,-120.874481,,,,,,,,,,,,,,,,,,
377,3.141667,-177.481064,3.817397,139.494812,-3202.425049,763.452271,-120.874481,,,,,,,,,,,,,,,,,,
378,3.150000,-177.481064,3.817397,139.494812,-3202.425049,763.452271,-120.874481,,,,,,,,,,,,,,,,,,
379,3.158333,-177.481064,3.817397,139.494812,-3202.425049,763.452271,-120.874481,,,,,,,,,,,,,,,,,,
380,3.166667,-177.481064,3.817397,139.494812,-3202.425049,763.452271,-120.874481,,,,,,,,,,,,,,,,,,
381,3.175000,-177.481064,3.817397,139.494812,-3202.425049,763.452271,-120.874481,,,,,,,,,,,,,,,,,,
382,3.183333,-177.481064,3.817397,139.494812,-3202.425049,763.452271,-120.874481,,,,,,,,,,,,,,,,,,
383,3.191667,-177.481064,3.817397,139.494812,-3202.425049,763.452271,-120.874481,,,,,,,,,,,,,,,,,,
384,3.200000,-177.481064,3.817397,139.494812,-3202.425049,763.452271,-120.874481,,,,,,,,,,,,,,,,,,
385,3.208333,-177.481064,3.817397,139.494812,-3202.425049,763.452271,-120.874481,,,,,,,,,,,,,,,,,,
386,3.216667,-177.481064,3.817397,139.494812,-3202.425049,763.452271,-120.874481,,,,,,,,,,,,,,,,,,
387,3.225000,-177.481064,3.817397,139.494812,-3202.425049,763.452271,-120.874481,,,,,,,,,,,,,,,,,,
388,3.233333,-177.481064,3.817397,139.494812,-3202.425049,763.452271,-120.874481,,,,,,,,,,,,,,,,,,
389,3.241667,-177.481064,3.817397,139.494812,-3202.425049,763.452271,-120.874481,,,,,,,,,,,,,,,,,,
390,3.250000,-177.481064,3.817397,139.494812,-3202.425049,763.452271,-120.874481,,,,,,,,,,,,,,,,,,
391,3.258333,-177.481064,3.817397,139.494812,-3202.425049,763.452271,-120.874481,,,,,,,,,,,,,,,,,,
392,3.266667,-177.481064,3.817397,139.494812,-3202.425049,763.452271,-120.874481,,,,,,,,,,,,,,,,,,
393,3.275000,-177.481064,3.817397,139.494812,-3202.425049,763.452271,-120.874481,,,,,,,,,,,,,,,,,,
394,3.283333,-177.481064,3.817397,139.494812,-3202.425049,763.452271,-120.874481,,,,,,,,,,,,,,,,,,
395,3.291667,-177.481064,3.817397,139.494812,-3202.425049,763.452271,-120.874481,,,,,,,,,,,,,,,,,,
396,3.300000,-177.481064,3.817397,139.494812,-3202.425049,763.452271,-120.874481,,,,,,,,,,,,,,,,,,
397,3.308333,-177.481064,3.817397,139.494812,-3202.425049,763.452271,-120.874481,,,,,,,,,,,,,,,,,,
398,3.316667,-177.481064,3.817397,139.494812,-3202.425049,763.452271,-120.874481,,,,,,,,,,,,,,,,,,
399,3.325000,-177.481064,3.817397,139.494812,-3202.425049,763.452271,-120.874481,,,,,,,,,,,,,,,,,,
400,3.333333,-177.481064,3.817397,139.494812,-3202.425049,763.452271,-120.874481,,,,,,,,,,,,,,,,,,
401,3.341667,-177.481064,3.817397,139.494812,-3202.425049,763.452271,-120.874481,,,,,,,,,,,,,,,,,,
402,3.350000,-177.481064,3.817397,139.494812,-3202.425049,763.452271,-120.874481,,,,,,,,,,,,,,,,,,
403,3.358333,-177.481064,3.817397,139.494812,-3202.425049,763.452271,-120.874481,,,,,,,,,,,,,,,,,,
404,3.366667,-177.481064,3.817397,139.494812,-3202.425049,763.452271,-120.874481,,,,,,,,,,,,,,,,,,
405,3.375000,-177.481064,3.817397,139.494812,-3202.425049,763.452271,-120.874481,,,,,,,,,,,,,,,,,,
406,3.383333,-177.481064,3.817397,139.494812,-3202.425049,763.452271,-120.874481,,,,,,,,,,,,,,,,,,
407,3.391667,-177.481064,3.817397,139.494812,-3202.425049,763.452271,-120.874481,,,,,,,,,,,,,,,,,,
408,3.400000,-177.481064,3.817397,139.494812,-3202.425049,763.452271,-120.874481,,,,,,,,,,,,,,,,,,
409,3.408333,-177.481064,3.817397,139.494812,-3202.425049,763.452271,-120.874481,,,,,,,,,,,,,,,,,,
410,3.416667,-177.481064,3.817397,139.494812,-3202.425049,763.452271,-120.874481,,,,,,,,,,,,,,,,,,
411,3.425000,-177.481064,3.817397,139.494812,-3202.425049,763.452271,-120.874481,,,,,,,,,,,,,,,,,,
412,3.433333,-177.481064,3.817397,139.494812,-3202.425049,763.452271,-120.874481,,,,,,,,,,,,,,,,,,
413,3.441667,-177.481064,3.817397,139.494812,-3202.425049,763.452271,-120.874481,,,,,,,,,,,,,,,,,,
414,3.450000,-177.481064,3.817397,139.494812,-3202.425049,763.452271,-120.874481,,,,,,,,,,,,,,,,,,
415,3.458333,-177.481064,3.817397,139.494812,-3202.425049,763.452271,-120.874481,,,,,,,,,,,,,,,,,,
416,3.466667,-177.481064,3.817397,139.494812,-3202.425049,763.452271,-120.874481,,,,,,,,,,,,,,,,,,
417,3.475000,-177.481064,3.817397,139.494812,-3202.425049,763.452271,-120.874481,,,,,,,,,,,,,,,,,,
418,3.483333,-177.481064,3.817397,139.494812,-3202.425049,763.452271,-120.874481,,,,,,,,,,,,,,,,,,
419,3.491667,-177.481064,3.817397,139.494812,-3202.425049,763.452271,-120.874481,,,,,,,,,,,,,,,,,,
420,3.500000,-177.481064,3.817397,139.494812,-3202.425049,763.452271,-120.874481,,,,,,,,,,,,,,,,,,
421,3.508333,-177.481064,3.817397,139.494812,-3202.425049,763.452271,-120.874481,,,,,,,,,,,,,,,,,,
422,3.516667,-177.481064,3.817397,139.494812,-3202.425049,763.452271,-120.874481,,,,,,,,,,,,,,,,,,
423,3.525000,-177.481064,3.817397,139.494812,-3202.425049,763.452271,-120.874481,,,,,,,,,,,,,,,,,,
424,3.533333,-177.481064,3.817397,139.494812,-3202.425049,763.452271,-120.874481,,,,,,,,,,,,,,,,,,
425,3.541667,-177.481064,3.817397,139.494812,-3202.425049,763.452271,-120.874481,,,,,,,,,,,,,,,,,,
426,3.550000,-177.481064,3.817397,139.494812,-3202.425049,763.452271,-120.874481,,,,,,,,,,,,,,,,,,
427,3.558333,-177.481064,3.817397,139.494812,-3202.425049,763.452271,-120.874481,,,,,,,,,,,,,,,,,,
428,3.566667,-177.481064,3.817397,139.494812,-3202.425049,763.452271,-120.874481,,,,,,,,,,,,,,,,,,
429,3.575000,-177.481064,3.817397,139.494812,-3202.425049,763.452271,-120.874481,,,,,,,,,,,,,,,,,,
430,3.583333,-177.481064,3.817397,139.494812,-3202.425049,763.452271,-120.874481,,,,,,,,,,,,,,,,,,
431,3.591667,-177.481064,3.817397,139.494812,-3202.425049,763.452271,-120.874481,,,,,,,,,,,,,,,,,,
432,3.600000,-177.481064,3.817397,139.494812,-3202.425049,763.452271,-120.874481,,,,,,,,,,,,,,,,,,
433,3.608333,-177.481064,3.817397,139.494812,-3202.425049,763.452271,-120.874481,,,,,,,,,,,,,,,,,,
434,3.616667,-177.481064,3.817397,139.494812,-3202.425049,763.452271,-120.874481,,,,,,,,,,,,,,,,,,
435,3.625000,-177.481064,3.817397,139.494812,-3202.425049,763.452271,-120.874481,,,,,,,,,,,,,,,,,,
436,3.633333,-177.481064,3.817397,139.494812,-3202.425049,763.452271,-120.874481,,,,,,,,,,,,,,,,,,
437,3.641667,-177.481064,3.817397,139.494812,-3202.425049,763.452271,-120.874481,,,,,,,,,,,,,,,,,,
438,3.650000,-177.481064,3.817397,139.494812,-3202.425049,763.452271,-120.874481,,,,,,,,,,,,,,,,,,
439,3.658333,-177.481064,3.817397,139.494812,-3202.425049,763.452271,-120.874481,,,,,,,,,,,,,,,,,,
440,3.666667,-177.481064,3.817397,139.494812,-3202.425049,763.452271,-120.874481,,,,,,,,,,,,,,,,,,
441,3.675000,-177.481064,3.817397,139.494812,-3202.425049,763.452271,-120.874481,,,,,,,,,,,,,,,,,,
442,3.683333,-177.481064,3.817397,139.494812,-3202.425049,763.452271,-120.874481,,,,,,,,,,,,,,,,,,
443,3.691667,-177.481064,3.817397,139.494812,-3202.425049,763.452271,-120.874481,,,,,,,,,,,,,,,,,,
444,3.700000,-177.481064,3.817397,139.494812,-3202.425049,763.452271,-120.874481,,,,,,,,,,,,,,,,,,
445,3.708333,-177.481064,3.817397,139.494812,-3202.425049,763.452271,-120.874481,,,,,,,,,,,,,,,,,,
446,3.716667,-177.481064,3.817397,139.494812,-3202.425049,763.452271,-120.874481,,,,,,,,,,,,,,,,,,
447,3.725000,-177.481064,3.817397,139.494812,-3202.425049,763.452271,-120.874481,,,,,,,,,,,,,,,,,,
448,3.733333,-177.481064,3.817397,139.494812,-3202.425049,763.452271,-120.874481,,,,,,,,,,,,,,,,,,
449,3.741667,-177.481064,3.817397,139.494812,-3202.425049,763.452271,-120.874481,,,,,,,,,,,,,,,,,,
450,3.750000,-177.481064,3.817397,139.494812,-3202.425049,763.452271,-120.874481,,,,,,,,,,,,,,,,,,
451,3.758333,-177.481064,3.817397,139.494812,-3202.425049,763.452271,-120.874481,,,,,,,,,,,,,,,,,,
452,3.766667,-177.481064,3.817397,139.494812,-3202.425049,763.452271,-120.874481,,,,,,,,,,,,,,,,,,
453,3.775000,-177.481064,3.817397,139.494812,-3202.425049,763.452271,-120.874481,,,,,,,,,,,,,,,,,,
454,3.783333,-177.481064,3.817397,139.494812,-3202.425049,763.452271,-120.874481,,,,,,,,,,,,,,,,,,
455,3.791667,-177.481064,3.817397,139.494812,-3202.425049,763.452271,-120.874481,,,,,,,,,,,,,,,,,,
456,3.800000,-177.481064,3.817397,139.494812,-3202.425049,763.452271,-120.874481,,,,,,,,,,,,,,,,,,
457,3.808333,-177.481064,3.817397,139.494812,-3202.425049,763.452271,-120.874481,,,,,,,,,,,,,,,,,,
458,3.816667,-177.481064,3.817397,139.494812,-3202.425049,763.452271,-120.874481,,,,,,,,,,,,,,,,,,
459,3.825000,-177.481064,3.817397,139.494812,-3202.425049,763.452271,-120.874481,,,,,,,,,,,,,,,,,,
460,3.833333,-177.481064,3.817397,139.494812,-3202.425049,763.452271,-120.874481,,,,,,,,,,,,,,,,,,
461,3.841667,-177.481064,3.817397,139.494812,-3202.425049,763.452271,-120.874481,,,,,,,,,,,,,,,,,,
462,3.850000,-177.481064,3.817397,139.494812,-3202.425049,763.452271,-120.874481,,,,,,,,,,,,,,,,,,
463,3.858333,-177.481064,3.817397,139.494812,-3202.425049,763.452271,-120.874481,,,,,,,,,,,,,,,,,,
464,3.866667,-177.481064,3.817397,139.494812,-3202.425049,763.452271,-120.874481,,,,,,,,,,,,,,,,,,
465,3.875000,-177.481064,3.817397,139.494812,-3202.425049,763.452271,-120.874481,,,,,,,,,,,,,,,,,,
466,3.883333,-177.481064,3.817397,139.494812,-3202.425049,763.452271,-120.874481,,,,,,,,,,,,,,,,,,
467,3.891667,-177.481064,3.817397,139.494812,-3202.425049,763.452271,-120.874481,,,,,,,,,,,,,,,,,,
468,3.900000,-177.481064,3.817397,139.494812,-3202.425049,763.452271,-120.874481,,,,,,,,,,,,,,,,,,
469,3.908333,-177.481064,3.817397,139.494812,-3202.425049,763.452271,-120.874481,,,,,,,,,,,,,,,,,,
470,3.916667,-177.481064,3.817397,139.494812,-3202.425049,763.452271,-120.874481,,,,,,,,,,,,,,,,,,
471,3.925000,-177.481064,3.817397,139.494812,-3202.425049,763.452271,-120.874481,,,,,,,,,,,,,,,,,,
472,3.933333,-177.481064,3.817397,139.494812,-3202.425049,763.452271,-120.874481,,,,,,,,,,,,,,,,,,
473,3.941667,-177.481064,3.817397,139.494812,-3202.425049,763.452271,-120.874481,,,,,,,,,,,,,,,,,,
474,3.950000,-177.481064,3.817397,139.494812,-3202.425049,763.452271,-120.874481,,,,,,,,,,,,,,,,,,
475,3.958333,-177.481064,3.817397,139.494812,-3202.425049,763.452271,-120.874481,,,,,,,,,,,,,,,,,,
476,3.966667,-177.481064,3.817397,139.494812,-3202.425049,763.452271,-120.874481,,,,,,,,,,,,,,,,,,
477,3.975000,-177.481064,3.817397,139.494812,-3202.425049,763.452271,-120.874481,,,,,,,,,,,,,,,,,,
478,3.983333,-177.481064,3.817397,139.494812,-3202.425049,763.452271,-120.874481,,,,,,,,,,,,,,,,,,
479,3.991667,-177.481064,3.817397,139.494812,-3202.425049,763.452271,-120.874481,,,,,,,,,,,,,,,,,,
480,4.000000,-177.481064,3.817397,139.494812,-3202.425049,763.452271,-120.874481,,,,,,,,,,,,,,,,,,
481,4.008333,-177.481064,3.817397,139.494812,-3202.425049,763.452271,-120.874481,,,,,,,,,,,,,,,,,,
482,4.016667,-177.481064,3.817397,139.494812,-3202.425049,763.452271,-120.874481,,,,,,,,,,,,,,,,,,
483,4.025000,-177.481064,3.817397,139.494812,-3202.425049,763.452271,-120.874481,,,,,,,,,,,,,,,,,,
484,4.033333,-177.481064,3.817397,139.494812,-3202.425049,763.452271,-120.874481,,,,,,,,,,,,,,,,,,
485,4.041667,-177.481064,3.817397,139.494812,-3202.425049,763.452271,-120.874481,,,,,,,,,,,,,,,,,,
486,4.050000,-177.481064,3.817397,139.494812,-3202.425049,763.452271,-120.874481,,,,,,,,,,,,,,,,,,
487,4.058333,-177.481064,3.817397,139.494812,-3202.425049,763.452271,-120.874481,,,,,,,,,,,,,,,,,,
488,4.066667,-177.481064,3.817397,139.494812,-3202.425049,763.452271,-120.874481,,,,,,,,,,,,,,,,,,
489,4.075000,-177.481064,3.817397,139.494812,-3202.425049,763.452271,-120.874481,,,,,,,,,,,,,,,,,,
490,4.083333,-177.481064,3.817397,139.494812,-3202.425049,763.452271,-120.874481,,,,,,,,,,,,,,,,,,
491,4.091667,-177.481064,3.817397,139.494812,-3202.425049,763.452271,-120.874481,,,,,,,,,,,,,,,,,,
492,4.100000,-177.481064,3.817397,139.494812,-3202.425049,763.452271,-120.874481,,,,,,,,,,,,,,,,,,
493,4.108333,-177.481064,3.817397,139.494812,-3202.425049,763.452271,-120.874481,,,,,,,,,,,,,,,,,,
494,4.116667,-177.481064,3.817397,139.494812,-3202.425049,763.452271,-120.874481,,,,,,,,,,,,,,,,,,
495,4.125000,-177.481064,3.817397,139.494812,-3202.425049,763.452271,-120.874481,,,,,,,,,,,,,,,,,,
496,4.133333,-177.481064,3.817397,139.494812,-3202.425049,763.452271,-120.874481,,,,,,,,,,,,,,,,,,
497,4.141667,-177.481064,3.817397,139.494812,-3202.425049,763.452271,-120.874481,,,,,,,,,,,,,,,,,,
498,4.150000,-177.481064,3.817397,139.494812,-3202.425049,763.452271,-120.874481,,,,,,,,,,,,,,,,,,
499,4.158333,-177.481064,3.817397,139.494812,-3202.425049,763.452271,-120.874481,,,,,,,,,,,,,,,,,,
500,4.166667,-177.481064,3.817397,139.494812,-3202.425049,763.452271,-120.874481,,,,,,,,,,,,,,,,,,
501,4.175000,-177.481064,3.817397,139.494812,-3202.425049,763.452271,-120.874481,,,,,,,,,,,,,,,,,,
