Format Version,1.24,Take Name,Q1-sitting_01,Take Notes,,Capture Frame Rate,120.000000,Export Frame Rate,120.000000,Capture Start Time,2024-03-13 05.05.33.577 PM,Capture Start Frame,483947,Total Frames in Take,460,Total Exported Frames,460,Rotation Type,XYZ,Length Units,Millimeters,Coordinate Space,Global

,Type,Rigid Body,Rigid Body,Rigid Body,Rigid Body,Rigid Body,Rigid Body,Marker,Marker,Marker,Marker,Marker,Marker,Marker,Marker,Marker,Marker,Marker,Marker,Marker,Marker,Marker
,Name,gliderPink02,gliderPink02,gliderPink02,gliderPink02,gliderPink02,gliderPink02,gliderPink02:Marker 001,gliderPink02:Marker 001,gliderPink02:Marker 001,gliderPink02:Marker 002,gliderPink02:Marker 002,gliderPink02:Marker 002,gliderPink02:Marker 003,gliderPink02:Marker 003,gliderPink02:Marker 003,gliderPink02:Marker 005,gliderPink02:Marker 005,gliderPink02:Marker 005,gliderPink02:Marker 006,gliderPink02:Marker 006,gliderPink02:Marker 006
,ID,1D273788DFF111EE710A5BE854E45492,1D273788DFF111EE710A5BE854E45492,1D273788DFF111EE710A5BE854E45492,1D273788DFF111EE710A5BE854E45492,1D273788DFF111EE710A5BE854E45492,1D273788DFF111EE710A5BE854E45492,"BD5369B4ED4311EEBD9122A53CA8688A","BD5369B4ED4311EEBD9122A53CA8688A","BD5369B4ED4311EEBD9122A53CA8688A","BD5369B2ED4311EEBD9122A53CA8688A","BD5369B2ED4311EEBD9122A53CA8688A","BD5369B2ED4311EEBD9122A53CA8688A","BD5369B3ED4311EEBD9122A53CA8688A","BD5369B3ED4311EEBD9122A53CA8688A","BD5369B3ED4311EEBD9122A53CA8688A","BD5369B6ED4311EEBD9122A53CA8688A","BD5369B6ED4311EEBD9122A53CA8688A","BD5369B6ED4311EEBD9122A53CA8688A","BD5369B5ED4311EEBD9122A53CA8688A","BD5369B5ED4311EEBD9122A53CA8688A","BD5369B5ED4311EEBD9122A53CA8688A"
,,Rotation,Rotation,Rotation,Position,Position,Position,Position,Position,Position,Position,Position,Position,Position,Position,Position,Position,Position,Position,Position,Position,Position
Frame,Time (Seconds),X,Y,Z,X,Y,Z,X,Y,Z,X,Y,Z,X,Y,Z,X,Y,Z,X,Y,Z
0,0.000000,-0.000000,0.000000,-0.000000,0.000000,0.000000,0.000000,,,,,,,,,,,,,,,
1,0.008333,-0.000000,0.000000,-0.000000,0.000000,0.000000,0.000000,,,,,,,,,,,,,,,
2,0.016667,-0.000000,0.000000,-0.000000,0.000000,0.000000,0.000000,,,,,,,,,,,,,,,
3,0.025000,-0.000000,0.000000,-0.000000,0.000000,0.000000,0.000000,,,,,,,,,,,,,,,
4,0.033333,-0.000000,0.000000,-0.000000,0.000000,0.000000,0.000000,,,,,,,,,,,,,,,
5,0.041667,-0.000000,0.000000,-0.000000,0.000000,0.000000,0.000000,,,,,,,,,,,,,,,
6,0.050000,-0.000000,0.000000,-0.000000,0.000000,0.000000,0.000000,,,,,,,,,,,,,,,
7,0.058333,-0.000000,0.000000,-0.000000,0.000000,0.000000,0.000000,,,,,,,,,,,,,,,
8,0.066667,-0.000000,0.000000,-0.000000,0.000000,0.000000,0.000000,,,,,,,,,,,,,,,
9,0.075000,-0.000000,0.000000,-0.000000,0.000000,0.000000,0.000000,,,,,,,,,,,,,,,
10,0.083333,-0.000000,0.000000,-0.000000,0.000000,0.000000,0.000000,,,,,,,,,,,,,,,
11,0.091667,-0.000000,0.000000,-0.000000,0.000000,0.000000,0.000000,,,,,,,,,,,,,,,
12,0.100000,-0.000000,0.000000,-0.000000,0.000000,0.000000,0.000000,,,,,,,,,,,,,,,
13,0.108333,-0.000000,0.000000,-0.000000,0.000000,0.000000,0.000000,,,,,,,,,,,,,,,
14,0.116667,-0.000000,0.000000,-0.000000,0.000000,0.000000,0.000000,,,,,,,,,,,,,,,
15,0.125000,-0.000000,0.000000,-0.000000,0.000000,0.000000,0.000000,,,,,,,,,,,,,,,
16,0.133333,-0.000000,0.000000,-0.000000,0.000000,0.000000,0.000000,,,,,,,,,,,,,,,
17,0.141667,-0.000000,0.000000,-0.000000,0.000000,0.000000,0.000000,,,,,,,,,,,,,,,
18,0.150000,-0.000000,0.000000,-0.000000,0.000000,0.000000,0.000000,,,,,,,,,,,,,,,
19,0.158333,-0.000000,0.000000,-0.000000,0.000000,0.000000,0.000000,,,,,,,,,,,,,,,
20,0.166667,-0.000000,0.000000,-0.000000,0.000000,0.000000,0.000000,,,,,,,,,,,,,,,
21,0.175000,-0.000000,0.000000,-0.000000,0.000000,0.000000,0.000000,,,,,,,,,,,,,,,
22,0.183333,-0.000000,0.000000,-0.000000,0.000000,0.000000,0.000000,,,,,,,,,,,,,,,
23,0.191667,-0.000000,0.000000,-0.000000,0.000000,0.000000,0.000000,,,,,,,,,,,,,,,
24,0.200000,-0.000000,0.000000,-0.000000,0.000000,0.000000,0.000000,,,,,,,,,,,,,,,
25,0.208333,-0.000000,0.000000,-0.000000,0.000000,0.000000,0.000000,,,,,,,,,,,,,,,
26,0.216667,-0.000000,0.000000,-0.000000,0.000000,0.000000,0.000000,,,,,,,,,,,,,,,
27,0.225000,-0.000000,0.000000,-0.000000,0.000000,0.000000,0.000000,,,,,,,,,,,,,,,
28,0.233333,-0.000000,0.000000,-0.000000,0.000000,0.000000,0.000000,,,,,,,,,,,,,,,
29,0.241667,-0.000000,0.000000,-0.000000,0.000000,0.000000,0.000000,,,,,,,,,,,,,,,
30,0.250000,-0.000000,0.000000,-0.000000,0.000000,0.000000,0.000000,,,,,,,,,,,,,,,
31,0.258333,-0.000000,0.000000,-0.000000,0.000000,0.000000,0.000000,,,,,,,,,,,,,,,
32,0.266667,-0.000000,0.000000,-0.000000,0.000000,0.000000,0.000000,,,,,,,,,,,,,,,
33,0.275000,-0.000000,0.000000,-0.000000,0.000000,0.000000,0.000000,,,,,,,,,,,,,,,
34,0.283333,-0.000000,0.000000,-0.000000,0.000000,0.000000,0.000000,,,,,,,,,,,,,,,
35,0.291667,-0.000000,0.000000,-0.000000,0.000000,0.000000,0.000000,,,,,,,,,,,,,,,
36,0.300000,-0.000000,0.000000,-0.000000,0.000000,0.000000,0.000000,,,,,,,,,,,,,,,
37,0.308333,-0.000000,0.000000,-0.000000,0.000000,0.000000,0.000000,,,,,,,,,,,,,,,
38,0.316667,-0.000000,0.000000,-0.000000,0.000000,0.000000,0.000000,,,,,,,,,,,,,,,
39,0.325000,-0.000000,0.000000,-0.000000,0.000000,0.000000,0.000000,,,,,,,,,,,,,,,
40,0.333333,-0.000000,0.000000,-0.000000,0.000000,0.000000,0.000000,,,,,,,,,,,,,,,
41,0.341667,-0.000000,0.000000,-0.000000,0.000000,0.000000,0.000000,,,,,,,,,,,,,,,
42,0.350000,-0.000000,0.000000,-0.000000,0.000000,0.000000,0.000000,,,,,,,,,,,,,,,
43,0.358333,-0.000000,0.000000,-0.000000,0.000000,0.000000,0.000000,,,,,,,,,,,,,,,
44,0.366667,-0.000000,0.000000,-0.000000,0.000000,0.000000,0.000000,,,,,,,,,,,,,,,
45,0.375000,-0.000000,0.000000,-0.000000,0.000000,0.000000,0.000000,,,,,,,,,,,,,,,
46,0.383333,-0.000000,0.000000,-0.000000,0.000000,0.000000,0.000000,,,,,,,,,,,,,,,
47,0.391667,-0.000000,0.000000,-0.000000,0.000000,0.000000,0.000000,,,,,,,,,,,,,,,
48,0.400000,-0.000000,0.000000,-0.000000,0.000000,0.000000,0.000000,,,,,,,,,,,,,,,
49,0.408333,-0.000000,0.000000,-0.000000,0.000000,0.000000,0.000000,,,,,,,,,,,,,,,
50,0.416667,-0.000000,0.000000,-0.000000,0.000000,0.000000,0.000000,,,,,,,,,,,,,,,
51,0.425000,-0.000000,0.000000,-0.000000,0.000000,0.000000,0.000000,,,,,,,,,,,,,,,
52,0.433333,-0.000000,0.000000,-0.000000,0.000000,0.000000,0.000000,,,,,,,,,,,,,,,
53,0.441667,-0.000000,0.000000,-0.000000,0.000000,0.000000,0.000000,,,,,,,,,,,,,,,
54,0.450000,-0.000000,0.000000,-0.000000,0.000000,0.000000,0.000000,,,,,,,,,,,,,,,
55,0.458333,-0.000000,0.000000,-0.000000,0.000000,0.000000,0.000000,,,,,,,,,,,,,,,
56,0.466667,-0.000000,0.000000,-0.000000,0.000000,0.000000,0.000000,,,,,,,,,,,,,,,
57,0.475000,-0.000000,0.000000,-0.000000,0.000000,0.000000,0.000000,,,,,,,,,,,,,,,
58,0.483333,-0.000000,0.000000,-0.000000,0.000000,0.000000,0.000000,,,,,,,,,,,,,,,
59,0.491667,-0.000000,0.000000,-0.000000,0.000000,0.000000,0.000000,,,,,,,,,,,,,,,
60,0.500000,-0.000000,0.000000,-0.000000,0.000000,0.000000,0.000000,,,,,,,,,,,,,,,
61,0.508333,-0.000000,0.000000,-0.000000,0.000000,0.000000,0.000000,,,,,,,,,,,,,,,
62,0.516667,-0.000000,0.000000,-0.000000,0.000000,0.000000,0.000000,,,,,,,,,,,,,,,
63,0.525000,-0.000000,0.000000,-0.000000,0.000000,0.000000,0.000000,,,,,,,,,,,,,,,
64,0.533333,-0.000000,0.000000,-0.000000,0.000000,0.000000,0.000000,,,,,,,,,,,,,,,
65,0.541667,-0.000000,0.000000,-0.000000,0.000000,0.000000,0.000000,,,,,,,,,,,,,,,
66,0.550000,-0.000000,0.000000,-0.000000,0.000000,0.000000,0.000000,,,,,,,,,,,,,,,
67,0.558333,-0.000000,0.000000,-0.000000,0.000000,0.000000,0.000000,,,,,,,,,,,,,,,
68,0.566667,-0.000000,0.000000,-0.000000,0.000000,0.000000,0.000000,,,,,,,,,,,,,,,
69,0.575000,-0.000000,0.000000,-0.000000,0.000000,0.000000,0.000000,,,,,,,,,,,,,,,
70,0.583333,-0.000000,0.000000,-0.000000,0.000000,0.000000,0.000000,,,,,,,,,,,,,,,
71,0.591667,-0.000000,0.000000,-0.000000,0.000000,0.000000,0.000000,,,,,,,,,,,,,,,
72,0.600000,-0.000000,0.000000,-0.000000,0.000000,0.000000,0.000000,,,,,,,,,,,,,,,
73,0.608333,-0.000000,0.000000,-0.000000,0.000000,0.000000,0.000000,,,,,,,,,,,,,,,
74,0.616667,-0.000000,0.000000,-0.000000,0.000000,0.000000,0.000000,,,,,,,,,,,,,,,
75,0.625000,-0.000000,0.000000,-0.000000,0.000000,0.000000,0.000000,,,,,,,,,,,,,,,
76,0.633333,-0.000000,0.000000,-0.000000,0.000000,0.000000,0.000000,,,,,,,,,,,,,,,
77,0.641667,-0.000000,0.000000,-0.000000,0.000000,0.000000,0.000000,,,,,,,,,,,,,,,
78,0.650000,-0.000000,0.000000,-0.000000,0.000000,0.000000,0.000000,,,,,,,,,,,,,,,
79,0.658333,-0.000000,0.000000,-0.000000,0.000000,0.000000,0.000000,,,,,,,,,,,,,,,
80,0.666667,-0.000000,0.000000,-0.000000,0.000000,0.000000,0.000000,,,,,,,,,,,,,,,
81,0.675000,-0.000000,0.000000,-0.000000,0.000000,0.000000,0.000000,,,,,,,,,,,,,,,
82,0.683333,-0.000000,0.000000,-0.000000,0.000000,0.000000,0.000000,,,,,,,,,,,,,,,
83,0.691667,-0.000000,0.000000,-0.000000,0.000000,0.000000,0.000000,,,,,,,,,,,,,,,
84,0.700000,-0.000000,0.000000,-0.000000,0.000000,0.000000,0.000000,,,,,,,,,,,,,,,
85,0.708333,-0.000000,0.000000,-0.000000,0.000000,0.000000,0.000000,,,,,,,,,,,,,,,
86,0.716667,-0.000000,0.000000,-0.000000,0.000000,0.000000,0.000000,,,,,,,,,,,,,,,
87,0.725000,-0.000000,0.000000,-0.000000,0.000000,0.000000,0.000000,,,,,,,,,,,,,,,
88,0.733333,-0.000000,0.000000,-0.000000,0.000000,0.000000,0.000000,,,,,,,,,,,,,,,
89,0.741667,-0.000000,0.000000,-0.000000,0.000000,0.000000,0.000000,,,,,,,,,,,,,,,
90,0.750000,-0.000000,0.000000,-0.000000,0.000000,0.000000,0.000000,,,,,,,,,,,,,,,
91,0.758333,-0.000000,0.000000,-0.000000,0.000000,0.000000,0.000000,,,,,,,,,,,,,,,
92,0.766667,-0.000000,0.000000,-0.000000,0.000000,0.000000,0.000000,,,,,,,,,,,,,,,
93,0.775000,-0.000000,0.000000,-0.000000,0.000000,0.000000,0.000000,,,,,,,,,,,,,,,
94,0.783333,-0.000000,0.000000,-0.000000,0.000000,0.000000,0.000000,,,,,,,,,,,,,,,
95,0.791667,-0.000000,0.000000,-0.000000,0.000000,0.000000,0.000000,,,,,,,,,,,,,,,
96,0.800000,-0.000000,0.000000,-0.000000,0.000000,0.000000,0.000000,,,,,,,,,,,,,,,
97,0.808333,-0.000000,0.000000,-0.000000,0.000000,0.000000,0.000000,,,,,,,,,,,,,,,
98,0.816667,-0.000000,0.000000,-0.000000,0.000000,0.000000,0.000000,,,,,,,,,,,,,,,
99,0.825000,-0.000000,0.000000,-0.000000,0.000000,0.000000,0.000000,,,,,,,,,,,,,,,
100,0.833333,-0.000000,0.000000,-0.000000,0.000000,0.000000,0.000000,,,,,,,,,,,,,,,
101,0.841667,-0.000000,0.000000,-0.000000,0.000000,0.000000,0.000000,,,,,,,,,,,,,,,
102,0.850000,-0.000000,0.000000,-0.000000,0.000000,0.000000,0.000000,,,,,,,,,,,,,,,
103,0.858333,-0.000000,0.000000,-0.000000,0.000000,0.000000,0.000000,,,,,,,,,,,,,,,
104,0.866667,-0.000000,0.000000,-0.000000,0.000000,0.000000,0.000000,,,,,,,,,,,,,,,
105,0.875000,-0.000000,0.000000,-0.000000,0.000000,0.000000,0.000000,,,,,,,,,,,,,,,
106,0.883333,-173.626511,36.752117,-175.247955,2092.435059,1647.550537,813.438354,2120.070801,1685.013428,676.834473,,,,,,,2161.421875,1656.044800,667.397949,2088.857422,1663.389648,794.065552
107,0.891667,-173.454758,36.773613,-173.803665,2048.100098,1651.406128,781.730835,2076.263428,1690.786011,645.716797,,,,,,,2116.996094,1661.152588,635.717285,2044.766846,1667.648315,762.768188
108,0.900000,-173.374573,37.646629,-172.069611,2002.388672,1655.014893,749.272949,2032.794434,1696.268311,614.591370,1878.517822,1645.661865,833.619629,2131.812500,1622.230591,832.068726,2072.431885,1665.571899,604.294250,2000.826172,1672.116943,731.512573
109,0.908333,-172.934509,37.716961,-170.862778,1958.276123,1659.200928,718.009644,1989.111572,1702.687256,584.218384,1834.447876,1650.471558,802.279907,2087.461182,1622.578247,800.012329,2028.517944,1671.826172,573.261108,1956.916138,1676.281616,700.612366
110,0.916667,-172.555832,37.830482,-169.479614,1914.306274,1663.847900,687.093323,1945.801758,1709.359497,554.335510,1790.481689,1656.081055,771.272156,2042.723877,1623.002441,768.322449,1984.944824,1678.575684,542.602539,1913.068359,1680.918213,669.728638
111,0.925000,-172.351486,37.961567,-168.571411,1870.433960,1668.555298,656.496826,1902.704834,1715.449829,524.372803,1746.415649,1660.933960,740.451782,1998.302124,1624.972046,737.196167,1941.223267,1684.136475,512.254456,1869.470337,1686.257446,639.488464
112,0.933333,-172.172821,38.080261,-167.643845,1826.752930,1673.750244,626.298401,1859.809692,1722.067627,494.750214,1702.518555,1666.373657,710.104126,1954.074707,1627.467651,706.320312,1897.572510,1689.969238,482.377869,1826.123657,1691.999146,609.697327
113,0.941667,-171.771805,38.256203,-166.673920,1783.263550,1679.569946,596.501221,1816.905762,1729.581177,466.011230,1658.836304,1672.649658,680.164307,1910.129150,1630.152222,675.857727,1854.610596,1697.627686,452.986023,1783.045410,1697.792969,580.087585
114,0.950000,-171.429703,38.401196,-165.742142,1739.943359,1685.762817,567.170227,1774.179810,1737.281006,437.525970,1615.367432,1679.255371,650.598267,1866.076660,1633.441895,645.734863,1811.724365,1705.328491,424.040710,1739.946045,1704.116821,551.039734
115,0.958333,-171.181778,38.528744,-164.925552,1696.884644,1692.188599,538.205383,1732.108276,1745.213745,409.216156,1572.159668,1685.746582,621.495605,1822.380127,1637.418335,616.108887,1768.716309,1712.530029,395.345093,1697.075439,1711.034668,522.455994
116,0.966667,-170.861710,38.662102,-164.094589,1653.937012,1699.068359,509.743225,1689.890381,1753.583618,381.550995,1529.063477,1692.821777,592.864014,1778.690063,1641.747192,586.828064,1726.111084,1720.610962,367.194061,1654.341919,1718.178955,494.352478
117,0.975000,-170.527237,38.759071,-163.118515,1611.519775,1706.653687,481.871429,1648.028809,1762.717896,354.620575,1486.737793,1700.957275,564.707275,1735.319336,1646.440796,558.005676,1683.926514,1729.769897,339.769775,1612.094604,1725.777832,466.616638
118,0.983333,-170.189270,38.930420,-162.225357,1569.018066,1714.474976,454.352203,1606.308960,1771.995850,328.070282,1444.188843,1709.105713,536.977905,1692.053467,1651.498535,529.701599,1641.924927,1739.006226,312.652802,1569.776733,1733.769287,439.337219
119,0.991667,-169.885971,39.117466,-161.490036,1526.669434,1722.683228,427.200531,1564.857300,1781.689941,301.666046,1401.421387,1717.263184,509.800842,1649.031372,1657.444824,501.758209,1599.949219,1748.080933,285.926819,1527.861816,1742.331665,412.618195
120,1.000000,-169.608444,39.192501,-160.608093,1485.032349,1731.405396,400.677673,1523.643555,1791.664185,276.037201,1359.843872,1726.332275,483.134827,1606.571289,1663.597290,474.210938,1558.435425,1758.050293,259.839813,1486.550171,1751.298218,386.298706
121,1.008333,-169.294495,39.357952,-159.665268,1443.164673,1740.496704,374.657928,1482.520874,1802.185059,251.000488,1317.946289,1735.882202,457.067230,1563.866699,1669.949463,447.096100,1517.293823,1768.541748,234.260696,1444.783203,1760.410889,360.544739
122,1.016667,-169.122223,39.449139,-158.767899,1402.111816,1749.793579,349.076324,1442.160767,1812.490845,226.253098,1276.834839,1745.663452,431.353394,1521.707886,1676.892944,420.568176,1476.547852,1778.816162,208.809921,1404.050537,1769.925781,335.319519
123,1.025000,-168.998459,39.626762,-157.872665,1360.889404,1759.517944,323.903961,1402.194580,1823.437622,201.739334,1235.377319,1755.654785,406.343811,1479.821533,1684.243286,394.515930,1435.570190,1789.015259,184.024612,1363.023926,1779.950073,310.528442
124,1.033333,-168.864090,39.731705,-156.891876,1320.520508,1769.647217,299.272217,1362.063110,1834.202637,178.191650,1195.085083,1766.584595,381.876526,1438.141846,1691.852783,368.966187,1396.074585,1800.442871,159.391754,1322.745483,1790.041016,286.199493
125,1.041667,-168.695007,39.840775,-156.017258,1279.859009,1779.851929,275.337708,1322.385132,1845.637695,154.858673,1154.175659,1777.234619,357.986847,1396.801392,1699.779541,343.899750,1355.582642,1811.438843,135.982529,1282.595215,1800.300659,262.455627
126,1.050000,-168.798706,39.792099,-155.148132,1239.743286,1790.232910,251.951752,1282.688354,1856.557373,131.901794,1114.514160,1788.464233,334.636292,1355.980225,1708.339233,319.431183,1315.424683,1821.979980,112.632233,1242.219849,1810.884399,239.269943
127,1.058333,-168.880493,39.915421,-154.258057,1200.267700,1801.243774,228.756409,1243.031006,1867.932739,109.244835,1074.933105,1800.351685,311.623260,1315.666992,1717.226562,295.418579,1276.540039,1833.340942,89.750137,1203.308960,1821.878418,216.409454
128,1.066667,-168.838501,40.054626,-153.409485,1160.870605,1812.155518,206.268234,1205.136475,1879.563477,87.277191,1035.582520,1811.590210,289.528595,1275.080566,1726.228516,272.120819,,,,1163.980957,1832.947754,193.948547
129,1.075000,-168.880463,40.222420,-152.643478,1122.305786,1823.199341,184.252228,1165.482056,1890.404541,65.756012,997.107666,1823.656250,267.745178,1235.318726,1735.596924,249.301361,1200.680908,1856.618652,45.836994,1124.864746,1843.959229,172.163147
130,1.083333,-169.079681,40.157406,-151.838104,1083.929321,1834.827759,162.826920,1128.369995,1902.913452,44.162395,959.182617,1836.067749,246.312012,1196.270508,1745.553101,227.231491,1161.634888,1867.867920,24.561932,1086.844238,1855.654419,150.922516
131,1.091667,-169.334152,40.223030,-151.108932,1045.740601,1846.264771,141.781967,,,,920.772766,1848.005493,225.702332,1157.394043,1756.086060,205.599991,1122.411987,1879.161987,3.486842,1048.598145,1866.871216,130.175293
132,1.100000,-169.599792,39.892586,-150.485443,1007.264587,1857.878906,121.678642,1052.417603,1925.728394,3.531483,882.898499,1860.519165,205.978973,1118.312744,1766.473999,184.740128,1083.873291,1890.399780,-17.145731,1011.323547,1878.883057,109.792618
133,1.108333,-169.888321,39.843544,-149.754852,970.238586,1869.717529,101.593491,1015.051147,1937.796631,-16.312710,846.311646,1873.510742,186.233337,1080.709839,1777.073120,164.053314,1046.960571,1901.931274,-37.330463,974.063293,1890.359375,89.775261
134,1.116667,-169.387344,39.390362,-150.100754,933.218689,1880.161133,82.664810,977.714172,1949.076904,-35.761642,,,,1043.311035,1788.195557,144.157547,1009.938843,1913.179810,-56.888756,936.238342,1902.143066,70.168015
135,1.125000,-170.324066,40.003426,-148.698013,896.444946,1893.362061,63.154488,943.818848,1961.192261,-54.448956,772.277039,1898.197998,148.693542,1006.159790,1799.096924,124.621315,973.730469,1924.879028,-75.692230,899.848694,1914.219482,51.196236
136,1.133333,-170.665344,39.727959,-148.166443,860.023376,1905.082886,44.419682,906.913513,1972.480957,-73.551796,736.382080,1910.786255,130.348465,969.230286,1810.014038,105.608994,936.461792,1936.281982,-94.850060,863.923340,1925.840698,32.521461
137,1.141667,-171.068909,39.447777,-147.722626,824.177917,1916.673340,26.201378,870.832336,1983.724487,-92.194344,701.716736,1923.344604,112.039803,932.463318,1821.461548,87.185371,,,,828.134155,1937.288208,14.326131
138,1.150000,-171.634796,39.097275,-147.754181,787.731323,1929.297119,8.741717,832.557556,1994.599731,-109.886040,667.065857,1936.281006,95.301537,,,,862.946472,1958.790039,-131.964569,792.312012,1949.336426,-3.520077
139,1.158333,-171.695023,39.298431,-146.917953,753.796692,1940.424072,-8.810452,802.788757,2006.959717,-127.112228,631.916748,1948.155518,78.029633,861.497742,1844.440063,52.096928,827.794434,1969.858154,-149.666138,756.952271,1960.911255,-20.909599
140,1.166667,-172.137878,38.698776,-146.698273,719.109985,1952.141113,-25.518295,765.519775,2017.826294,-145.215958,599.487183,1960.921265,61.876762,826.943176,1855.962036,35.240784,792.852783,1980.941406,-166.980789,722.331482,1972.745361,-38.023746
141,1.175000,-172.379990,38.657486,-146.793686,683.818848,1963.500366,-42.505146,730.113892,2028.521240,-162.577026,562.397522,1972.416016,44.776340,792.129272,1867.812134,18.311920,756.722412,1991.502197,-183.854706,688.027100,1984.152954,-54.840397
142,1.183333,-172.914322,38.199112,-146.396561,649.821533,1974.906982,-58.470200,695.313904,2039.338867,-179.272476,530.333435,1984.923584,29.385408,757.847290,1879.121948,2.149239,721.898132,2001.852783,-200.573364,653.700562,1995.327637,-71.322136
143,1.191667,-173.115692,38.453011,-146.645813,615.187256,1986.194702,-75.164047,660.060913,2049.666748,-195.989029,494.177094,1996.649292,12.555346,723.826538,1890.802734,-13.805807,688.494995,2012.529907,-217.091660,619.380127,2006.548584,-87.511009
144,1.200000,-173.639633,38.206593,-146.612686,580.906616,1997.031982,-90.778412,625.647278,2059.688232,-212.249725,460.104340,2007.925781,-2.445314,690.678223,1901.909546,-29.124969,652.928894,2021.945435,-232.894806,585.333435,2017.333740,-103.588348
145,1.208333,-174.074478,38.036003,-146.389389,547.927185,2007.773438,-106.199631,593.588135,2069.638916,-228.424515,427.584076,2019.548218,-17.516235,657.154297,1913.200562,-44.486694,618.655518,2031.702026,-248.678909,551.541321,2027.914795,-119.190002
146,1.216667,-174.578827,37.756165,-146.415070,514.925659,2018.433838,-121.480286,559.328186,2079.233643,-244.675766,395.061218,2030.805298,-32.316032,624.524902,1924.187866,-59.235882,585.751221,2041.278320,-264.498077,518.802551,2038.559448,-134.560806
147,1.225000,-174.950577,37.659775,-146.559799,481.889771,2028.821045,-136.430588,526.273438,2088.756104,-259.917908,361.846222,2041.553223,-46.759693,591.996948,1935.523438,-73.919487,552.216248,2050.499268,-279.895325,485.742554,2048.698975,-149.643326
148,1.233333,-175.483826,37.361843,-146.582245,449.432709,2039.104248,-151.229614,492.853516,2097.879395,-275.677368,329.925812,2052.462891,-61.264164,559.592285,1946.441284,-88.225845,518.819092,2059.519043,-295.003693,454.006287,2058.816895,-164.553024
149,1.241667,-176.012833,37.193302,-146.576736,417.265503,2048.850342,-165.335358,459.929718,2106.604004,-290.697998,298.047119,2063.097412,-75.548042,527.123657,1956.618896,-101.680298,486.166565,2067.994385,-309.996552,,,
150,1.250000,-176.434143,36.881023,-146.853882,385.058319,2058.497559,-179.812439,427.119568,2115.087402,-305.560425,266.250854,2073.268311,-89.598701,495.873383,1967.538574,-115.653580,453.615814,2076.405029,-324.956451,388.851562,2078.253418,-193.698837
151,1.258333,-176.879837,36.530251,-147.073288,354.259094,2067.692139,-193.589096,394.334686,2123.217041,-320.420502,234.730591,2083.408691,-103.121246,465.541687,1977.736694,-129.547195,421.267303,2084.590332,-339.324921,358.393188,2087.301514,-207.937576
152,1.266667,-177.497879,36.307297,-147.174637,322.387207,2076.908447,-207.505814,362.165405,2130.986084,-335.229187,203.954819,2093.386475,-116.722572,434.033569,1987.897217,-142.675247,388.713654,2092.216553,-353.602448,325.533569,2096.182373,-221.951981
153,1.275000,-177.978775,36.081947,-147.440445,291.023041,2085.668213,-221.395203,330.300842,2138.338867,-349.586853,172.920425,2102.543701,-130.121124,403.609711,1997.773560,-156.138229,356.931488,2099.528809,-367.888733,293.978607,2104.924072,-236.172470
154,1.283333,-178.536453,35.731163,-147.637070,260.178406,2094.287354,-234.894424,298.600342,2145.513184,-363.939850,142.051086,2111.879395,-143.442200,372.843689,2007.641846,-169.118546,325.263611,2106.456299,-381.752594,264.937897,2113.579590,-250.556595
155,1.291667,-179.159424,35.535152,-147.776962,228.787415,2102.628418,-248.456009,266.501068,2152.313232,-378.001038,111.556137,2121.085449,-156.599548,342.374390,2016.869751,-182.110413,293.426331,2113.188965,-395.811493,232.200882,2121.339844,-263.463867
156,1.300000,-179.713730,35.266582,-148.034927,197.925217,2110.514893,-261.670166,235.137772,2158.882812,-392.429382,81.271591,2129.541992,-169.258133,312.417053,2025.823364,-194.660446,262.118469,2119.363770,-409.321838,200.723541,2129.166260,-276.915009
157,1.308333,179.726501,35.046257,-148.227478,167.192474,2118.182129,-274.888000,203.624252,2164.901611,-406.110016,50.845428,2137.900635,-182.015793,281.791504,2034.751221,-207.405106,231.128952,2125.570557,-423.023865,170.806534,2136.410889,-290.400665
158,1.316667,179.203629,34.702423,-148.668488,137.003952,2125.458252,-287.829865,172.301285,2170.618408,-419.609039,20.758221,2145.809814,-194.764893,253.215439,2043.492310,-219.957001,199.702911,2131.177002,-436.430054,140.349991,2143.644531,-303.463623
159,1.325000,178.596451,34.283928,-148.712540,107.172340,2132.431152,-300.425873,141.816513,2176.131592,-433.169373,-7.760849,2153.781006,-207.091782,222.844025,2051.554932,-232.273178,169.003937,2136.597656,-449.555115,109.975082,2150.456299,-316.602600
160,1.333333,177.990204,34.039696,-149.026566,77.651108,2139.065430,-313.244690,111.726944,2181.156494,-446.446838,-37.146748,2161.233887,-219.705154,194.966995,2059.432129,-244.645844,138.520615,2141.333008,-462.537750,79.993912,2156.873047,-329.648132
161,1.341667,177.465698,33.833740,-149.230057,47.936455,2145.362061,-325.854279,81.564125,2185.892334,-459.977600,-66.296265,2168.159912,-231.750916,164.881058,2067.066406,-256.895233,108.731140,2146.226562,-475.473053,49.803368,2163.057373,-342.446259
162,1.350000,176.912094,33.525394,-149.622131,18.138988,2151.311279,-338.539154,51.003410,2190.113281,-472.987701,-95.979065,2175.170654,-244.269043,136.976501,2074.395996,-269.491058,77.989456,2150.462646,-488.693268,19.377241,2168.680908,-355.279510
163,1.358333,176.103638,33.275520,-149.621582,-10.692964,2156.928711,-350.766510,20.829641,2194.100586,-486.151123,-124.403084,2181.982178,-256.232483,107.772842,2081.102295,-280.911652,48.494057,2154.188965,-500.851990,-8.510372,2174.102051,-367.836609
164,1.366667,175.656067,33.046326,-150.115967,-39.887215,2161.961182,-363.335022,-9.082606,2197.541016,-499.074554,-153.105316,2187.713379,-268.415436,79.848869,2087.712402,-293.152954,18.944662,2157.782715,-513.756165,-38.670143,2178.936035,-380.858765
165,1.375000,174.933701,32.796524,-150.288361,-68.647118,2167.137207,-375.531097,-38.704288,2200.768799,-512.108948,-181.778000,2193.589844,-280.459015,51.491096,2094.165283,-305.121582,-10.800147,2160.921143,-525.924805,-66.652687,2183.954102,-392.785645
166,1.383333,174.405731,32.316303,-150.704315,-96.639763,2171.661621,-387.276520,-68.217148,2203.834717,-525.164612,-209.454208,2199.349121,-292.309113,23.947762,2100.315430,-316.829010,-40.414993,2163.704834,-538.621826,-96.662094,2188.476074,-405.261536
167,1.391667,173.693481,31.898653,-150.893707,-124.630974,2175.984863,-399.343689,-97.584618,2206.191895,-537.469727,-237.511734,2204.280762,-303.953125,-3.728111,2105.967041,-328.729462,-69.961380,2165.938721,-550.845154,-122.086098,2192.382568,-417.748260
168,1.400000,173.206665,31.523840,-151.488983,-153.111160,2179.896729,-411.404297,-126.581787,2208.474854,-550.378662,-265.228790,2209.231445,-315.787231,-29.240490,2111.349854,-341.215057,-99.021339,2167.965820,-563.100220,-153.622299,2196.174805,-429.849152
169,1.408333,172.394760,31.321161,-151.556885,-181.615250,2183.592041,-423.526794,-155.734055,2210.038330,-562.791077,-292.765930,2213.622803,-327.274963,-58.749149,2116.456299,-352.338348,-128.362610,2169.543457,-575.146606,-181.397873,2199.536377,-442.223724
170,1.416667,171.728363,30.954428,-151.709335,-209.142639,2186.958740,-435.497925,-184.384735,2211.580078,-575.309143,-320.258179,2217.917480,-339.162994,-86.142212,2121.065430,-364.159027,-157.033951,2171.059570,-587.240173,-206.413483,2202.505127,-454.199493
171,1.425000,171.035599,30.687572,-152.100784,-237.341858,2189.862549,-447.541595,-214.415237,2212.278564,-588.142151,-347.553711,2221.665771,-350.727997,-113.212936,2125.411621,-375.827484,-185.450134,2171.954834,-598.987244,-235.009247,2205.156494,-466.277771
172,1.433333,170.366486,30.440033,-152.455734,-264.932190,2192.549561,-459.292999,-242.435883,2212.888184,-600.044495,-374.707275,2225.109131,-362.324799,-140.256348,2129.780762,-387.255157,-213.650345,2172.554443,-610.777466,-263.390320,2208.074463,-478.574005
173,1.441667,169.844238,30.182934,-152.912491,-292.573029,2194.587891,-470.823364,-270.139038,2213.488770,-612.053223,-401.789032,2228.017822,-373.823456,-166.664444,2133.480469,-398.644135,-242.018036,2172.747314,-622.438293,-293.008575,2209.463623,-490.300079
174,1.450000,169.144379,29.874342,-153.424316,-319.626495,2196.672852,-482.523560,-298.663177,2213.420410,-624.247742,-428.524902,2230.719238,-385.320160,-193.117950,2137.750488,-409.674744,-270.277649,2172.620361,-634.345520,-318.599365,2211.301758,-502.162292
175,1.458333,168.503311,29.585548,-153.710587,-346.787750,2198.085693,-494.391296,-326.705963,2212.743896,-636.165649,-455.262299,2233.158691,-396.711670,-219.630280,2140.400146,-421.962952,-298.040436,2172.199463,-645.974060,-345.826141,2212.430664,-514.372620
176,1.466667,167.857391,29.309223,-154.231033,-374.023987,2199.178955,-506.113770,-355.661865,2211.720947,-648.562744,-481.871948,2235.125732,-408.342621,-245.826508,2143.410156,-433.511536,-325.774780,2171.343750,-657.366333,-373.991302,2213.129395,-526.119629
177,1.475000,167.223404,29.009535,-154.902588,-400.770264,2199.912598,-517.493286,-382.709534,2210.664551,-660.379150,-508.306213,2236.741211,-419.762604,-271.704407,2146.862549,-444.349274,-353.843109,2170.062744,-669.011963,-400.884796,2213.471924,-537.734985
178,1.483333,166.687073,28.609617,-155.566574,-426.670135,2200.460205,-528.882568,-410.704193,2209.185791,-672.507324,-534.649170,2238.013916,-431.312073,-294.229370,2148.411865,-456.192200,-380.908875,2168.614014,-680.206970,-427.486877,2213.781982,-549.703613
179,1.491667,165.881760,28.757084,-154.959991,-454.534943,2200.154541,-540.755554,-437.358154,2206.921143,-683.607056,-560.987976,2238.773438,-442.789429,,,,-408.729340,2166.609131,-691.744141,-454.144592,2213.601074,-561.705017
180,1.500000,165.427078,28.177353,-156.196854,-480.112427,2199.927002,-552.197144,-465.264099,2204.513672,-695.434692,-587.013672,2239.374268,-454.453918,-348.890564,2151.933105,-479.992767,-435.292084,2164.639160,-703.141541,-478.976746,2212.575684,-571.945801
181,1.508333,164.719971,28.374903,-157.803696,-506.474915,2200.318604,-563.349365,-492.888702,2201.796631,-707.356812,-613.714539,2239.492188,-466.290314,,,,-460.954132,2161.909424,-713.761169,-501.897095,2210.983398,-581.451904
182,1.516667,164.239365,27.483835,-156.932098,-531.780701,2198.054199,-574.367249,-519.906799,2198.712891,-719.067871,-639.940613,2239.003418,-477.596863,,,,-489.112946,2158.782227,-725.376282,-524.329163,2209.382080,-591.007507
183,1.525000,163.826828,26.055721,-156.158493,-554.510132,2195.451660,-584.804810,-546.361328,2195.283203,-730.617554,-664.989807,2238.633789,-489.178162,,,,-515.706787,2155.414551,-736.611694,-547.267090,2206.994141,-600.859741
184,1.533333,163.156815,26.760015,-156.220886,-583.608459,2193.318115,-597.136353,-573.380859,2191.398193,-742.320068,-692.282654,2237.063965,-501.316498,,,,-542.832153,2151.661377,-747.997986,-570.835022,2204.109863,-610.619751
185,1.541667,162.556015,26.499325,-158.459076,-608.846863,2192.152344,-608.707336,-600.251526,2187.024414,-753.841248,-716.103699,2235.917969,-512.148621,,,,-568.134094,2147.583252,-758.681152,-595.687500,2201.370117,-621.601074
186,1.550000,161.632675,27.764397,-160.180038,-639.038818,2190.967041,-621.920654,-626.623230,2182.430664,-765.313354,-743.023071,2233.565918,-524.229004,,,,-594.718323,2142.951416,-769.864014,,,
187,1.558333,160.950424,27.316101,-159.990555,-663.401978,2187.677979,-633.345825,-652.632996,2177.400391,-776.666382,-767.586548,2231.720215,-535.847412,,,,-620.764832,2138.122559,-780.975952,-662.883850,2198.309814,-654.956055
188,1.566667,160.558945,27.117947,-159.851624,-689.251038,2183.452881,-644.571472,-678.965088,2172.204102,-788.455078,-793.797852,2228.601074,-547.602051,,,,-646.886780,2132.956055,-792.165588,-683.800171,2193.124756,-663.222046
189,1.575000,160.172638,25.414532,-158.539825,-711.083740,2178.172607,-654.919434,-705.435913,2166.417725,-800.026489,-817.859497,2226.009277,-559.084167,,,,-673.707886,2127.329102,-803.610901,-704.680176,2188.329346,-672.231567
190,1.583333,159.771637,24.944502,-158.413086,-735.116394,2173.383057,-665.832153,-731.563477,2160.260498,-811.419678,-843.198425,2222.407715,-570.805969,,,,-699.518005,2121.464111,-814.763916,-725.657654,2183.014404,-681.203186
191,1.591667,158.749908,26.747965,-161.638229,-765.079895,2171.340576,-679.672424,-756.866821,2153.832031,-822.653809,-868.538208,2218.392578,-582.621216,,,,-723.866211,2115.177490,-825.356567,-765.186096,2180.466797,-701.563293
192,1.600000,158.130157,26.859182,-163.897141,-790.304688,2167.977539,-692.004333,-782.680359,2146.812744,-834.102234,-893.426819,2214.132324,-594.566101,,,,-749.603088,2108.663086,-836.527039,-794.259399,2176.482910,-715.614563
193,1.608333,157.485474,26.915470,-164.361450,-816.092346,2162.879883,-703.445862,-809.017334,2139.560303,-846.012878,-918.575623,2209.494141,-606.505249,-679.417236,2146.181152,-629.764771,-774.995117,2101.729980,-847.855652,-818.518494,2171.457031,-727.197021
194,1.616667,156.945511,26.913336,-165.089615,-841.245117,2157.050049,-715.082031,-834.224609,2131.801514,-857.260742,-943.430725,2204.157471,-618.412537,-705.290771,2143.688232,-640.697998,-800.384460,2094.152344,-858.925110,-843.781799,2164.561279,-738.909302
195,1.625000,156.536331,26.945644,-165.876297,-866.214355,2150.787842,-726.787842,-859.613953,2123.763428,-868.667175,-968.955933,2198.166016,-630.362000,-729.834351,2140.053711,-653.072510,-825.297791,2086.463135,-869.947693,-868.200134,2157.846436,-750.151184
196,1.633333,156.018005,26.769312,-166.552734,-891.014282,2144.359131,-738.826904,-885.389526,2115.291260,-880.432068,-993.455627,2192.239014,-642.414246,-753.245239,2135.421631,-666.258179,-850.282043,2078.424316,-881.175415,-893.516174,2151.126953,-762.420288
197,1.641667,155.629425,26.721525,-167.330154,-915.809509,2137.366943,-750.764038,-910.267151,2106.611572,-891.830688,-1018.650146,2185.401367,-654.462585,-776.197083,2130.115723,-680.325439,-875.316406,2069.994873,-892.325623,-918.391785,2143.860352,-774.705994
198,1.650000,155.212494,26.202061,-168.223877,-938.989136,2130.189453,-762.733398,-935.693359,2097.389404,-903.418213,-1042.875610,2178.614258,-666.455811,-796.805298,2124.299805,-695.671387,-900.056091,2061.099854,-903.659607,-943.936890,2136.100586,-786.775208
199,1.658333,154.797241,26.075525,-169.051773,-963.236755,2122.370605,-774.732178,-960.661316,2087.641113,-914.862305,-1067.709351,2170.984375,-678.707947,-820.711792,2118.854248,-708.862549,-924.897766,2051.905762,-914.946350,-968.240051,2127.803955,-798.398254
200,1.666667,154.405167,26.047119,-169.776245,-988.056458,2114.274170,-786.838562,-985.744629,2077.895264,-926.605286,-1092.331909,2163.023682,-690.729736,-845.402344,2113.079590,-721.471558,-949.684998,2042.424194,-926.445007,-993.268066,2119.302002,-810.740601
201,1.675000,153.976501,26.034279,-170.564285,-1013.127319,2105.431396,-799.225647,-1010.713318,2067.420410,-938.189392,-1117.060791,2154.604248,-703.068542,-869.367798,2106.746826,-734.758423,-974.257812,2032.466919,-937.677734,-1018.171448,2110.311523,-822.807312
202,1.683333,153.641769,25.995363,-171.309174,-1037.152588,2096.607178,-811.089172,-1035.642212,2056.752197,-949.980835,-1141.462280,2145.692139,-715.291199,-893.942688,2099.982178,-747.765869,-998.595459,2022.290649,-949.201599,-1042.774170,2100.688721,-834.934509
203,1.691667,153.318634,25.984800,-172.063980,-1061.759888,2087.235596,-823.261719,-1060.451416,2045.811646,-961.807983,-1166.047607,2136.215332,-727.359924,-918.329895,2092.811768,-760.811279,-1023.067261,2011.623901,-960.722412,-1067.090820,2091.061279,-847.096069
204,1.700000,152.987335,25.993225,-172.899506,-1086.163818,2077.373535,-835.657715,-1085.326782,2034.324463,-973.637878,-1190.464966,2126.381836,-739.711670,-942.128174,2085.265869,-774.367798,-1047.119995,2000.622803,-972.227478,-1091.682739,2080.888428,-859.282288
205,1.708333,152.667236,25.968870,-173.651733,-1110.771729,2067.098633,-848.102417,-1110.053101,2022.531006,-985.366272,-1215.067993,2116.092773,-752.229675,-966.461426,2077.112549,-787.809509,-1071.793457,1989.235352,-984.030518,-1116.621216,2070.302734,-871.701416
206,1.716667,152.353165,25.976418,-174.444473,-1135.151245,2056.444580,-860.468628,-1134.351074,2010.230591,-997.123535,-1239.334473,2105.361572,-764.563171,-990.746155,2068.826416,-801.015747,-1096.189453,1977.454224,-995.799438,-1141.077881,2059.313965,-884.062195
207,1.725000,152.081390,26.059938,-175.249039,-1159.481323,2045.363403,-872.884094,-1158.813843,1997.657837,-1008.966064,-1263.797607,2094.147949,-776.974243,-1014.994507,2060.025635,-814.308716,-1119.941528,1965.474243,-1007.438049,-1165.649292,2047.875366,-896.528564
208,1.733333,151.794632,26.210783,-176.029480,-1184.152588,2033.736206,-885.480530,-1183.281860,1984.704712,-1021.045654,-1288.375732,2082.542725,-789.709778,-1039.688354,2050.994141,-827.417603,-1143.737305,1953.101929,-1019.167175,-1190.250122,2036.166870,-909.127563
209,1.741667,151.549820,26.338537,-176.834244,-1208.429321,2021.701294,-898.174744,-1207.454468,1971.329224,-1032.908936,-1313.034668,2070.434326,-802.170044,-1063.498535,2041.113892,-841.330750,-1167.658325,1940.312988,-1030.980225,-1214.756470,2023.910278,-921.616272
210,1.750000,151.271072,26.304766,-177.217407,-1232.651489,2009.145996,-910.591553,-1232.154785,1957.659058,-1045.125244,-1337.166504,2057.876221,-814.763489,-1087.457520,2029.875488,-853.975708,-1191.980347,1926.812134,-1042.908203,-1239.233276,2011.295288,-934.185425
211,1.758333,151.044022,26.339205,-177.606415,-1256.428467,1996.396606,-922.891418,-1256.274170,1943.480347,-1057.324219,-1361.737183,2044.796265,-827.515930,-1110.322754,2017.955566,-867.022095,-1216.080444,1913.174438,-1054.965088,-1263.611206,1998.193481,-946.776062
212,1.766667,150.750351,26.151842,-177.898239,-1280.457397,1982.989746,-935.365234,-1280.589600,1929.052124,-1069.345215,-1386.078979,2031.352295,-840.287292,-1133.183960,2005.321289,-880.037048,-1240.518921,1898.723145,-1067.205566,-1288.024170,1984.613037,-959.460938
213,1.775000,150.462753,26.214075,-178.128525,-1304.513428,1969.066528,-947.981323,-1304.258667,1914.110840,-1081.402832,-1410.578125,2017.423340,-853.135864,-1156.495972,1992.045654,-893.025391,-1264.219238,1884.091309,-1079.280640,-1312.263428,1970.760864,-972.088501
214,1.783333,150.300705,26.293139,-178.551315,-1328.995972,1954.697021,-960.781921,-1328.590210,1898.855347,-1093.743774,-1434.868530,2003.036255,-865.862793,-1179.605957,1978.890625,-906.281067,-1288.571655,1869.338013,-1091.622925,-1336.615723,1956.319702,-984.939453
215,1.791667,150.091431,26.420336,-178.962616,-1353.419312,1939.952637,-973.615173,-1352.714844,1883.234131,-1106.144897,-1459.460815,1988.197876,-878.852844,-1203.495239,1965.445190,-919.504150,-1312.482788,1853.914062,-1103.894531,-1360.987061,1941.500000,-997.769592
216,1.800000,149.926132,26.440870,-179.459320,-1377.658325,1924.830811,-986.547974,-1376.761230,1867.195923,-1118.539185,-1483.757690,1972.903442,-891.739136,-1227.721313,1952.062622,-932.908508,-1337.139526,1838.177979,-1116.581909,-1385.183105,1926.280518,-1010.515442
217,1.808333,149.794495,26.632404,179.845108,-1402.063354,1909.091919,-999.682678,-1400.562378,1850.628418,-1130.910034,-1508.328613,1957.099487,-904.797363,-1252.178833,1938.705933,-946.436523,-1361.097412,1822.260254,-1129.154541,-1409.455933,1910.558838,-1023.425354
218,1.816667,149.736954,26.834036,179.220612,-1425.974487,1893.563599,-1012.491089,-1424.573486,1833.934937,-1143.619507,-1532.863037,1940.931763,-917.778687,-1276.976074,1924.926758,-959.786743,-1385.478516,1805.979858,-1142.173706,-1433.762329,1894.510864,-1036.287964
219,1.825000,149.653275,27.026442,178.513031,-1450.269775,1877.259888,-1025.596436,-1448.276001,1816.721069,-1156.092041,-1557.409790,1924.194580,-930.875671,-1301.963013,1910.616089,-973.765137,-1409.528564,1789.168823,-1155.090454,-1458.078735,1877.912476,-1049.287964
220,1.833333,149.551178,27.783066,175.839508,-1474.827759,1861.934326,-1038.893677,-1472.323486,1799.098877,-1168.733032,-1581.972778,1907.062988,-944.062561,-1331.764526,1903.386108,-989.454102,-1430.615601,1772.385254,-1165.613770,-1482.343872,1861.066406,-1062.421021
221,1.841667,149.395996,28.436117,174.664703,-1498.868286,1844.768311,-1052.136719,-1496.163330,1781.164307,-1181.474731,-1606.461914,1889.453613,-957.274780,-1356.848022,1888.651978,-1003.533020,-1449.385254,1755.723389,-1175.450439,-1506.748291,1843.716309,-1075.542236
222,1.850000,149.296982,28.872602,174.106827,-1522.762451,1827.192261,-1065.220459,-1519.547485,1762.772339,-1194.071167,-1631.011719,1871.445923,-970.590881,-1381.343384,1872.742188,-1016.785278,-1466.665894,1738.533203,-1184.603882,-1531.108765,1826.011719,-1088.568726
223,1.858333,149.237442,29.287663,173.581543,-1547.181763,1809.188110,-1078.506348,-1543.739624,1744.213867,-1207.067383,-1655.950806,1853.084229,-984.044250,-1405.650635,1856.120361,-1030.559448,-1484.066406,1720.931885,-1194.006226,-1555.557007,1807.893188,-1101.800171
224,1.866667,149.156570,29.658840,172.987000,-1570.642578,1791.170166,-1091.495605,-1567.177002,1725.234375,-1219.731079,-1680.545410,1834.074829,-997.580994,-1430.146973,1839.402100,-1044.328247,-1502.929565,1702.851196,-1204.091919,-1579.496094,1789.298340,-1115.038208
225,1.875000,149.376236,29.391123,172.629883,-1596.485596,1772.003662,-1105.341553,-1591.193848,1705.848755,-1232.812500,-1705.500000,1814.771729,-1011.152039,-1455.184937,1822.149048,-1057.378174,,,,-1603.895996,1770.417358,-1128.337524
226,1.883333,149.293991,29.738993,171.978012,-1620.437622,1753.364502,-1118.380859,-1614.436157,1686.041626,-1245.604614,-1730.217163,1795.124756,-1024.849854,-1480.618164,1805.105225,-1071.092041,,,,-1628.295288,1751.043457,-1141.684448
227,1.891667,149.355011,30.211744,170.921509,-1645.339966,1733.801514,-1132.248413,-1638.142090,1665.984253,-1258.967651,-1755.141479,1775.011963,-1038.515747,-1505.909790,1788.882690,-1085.111206,,,,-1652.678101,1731.384277,-1155.103516
228,1.900000,149.265091,30.646072,170.371323,-1669.265747,1714.355103,-1145.478149,-1661.322998,1645.330322,-1272.100342,-1780.209106,1754.590210,-1052.505737,-1531.083008,1770.752197,-1098.623657,,,,-1676.963379,1711.245483,-1168.543457
229,1.908333,149.242508,30.875082,170.077576,-1693.692139,1693.918213,-1158.875244,-1685.158936,1624.554688,-1285.114014,-1804.946533,1733.596436,-1066.243652,-1555.818359,1751.128662,-1111.951172,,,,-1701.614136,1690.751343,-1182.102783
230,1.916667,149.122192,31.329754,169.811890,-1718.112671,1673.015747,-1172.493408,-1708.368652,1603.093140,-1298.282959,-1830.091919,1712.334473,-1080.435303,-1580.661011,1731.566040,-1125.123413,,,,-1725.810791,1669.810547,-1195.802246
231,1.925000,149.112503,31.692440,169.343048,-1742.794922,1651.946411,-1186.219482,-1732.254761,1581.792725,-1311.520264,-1855.310059,1690.614136,-1094.645264,-1605.975342,1712.088013,-1138.924927,,,,-1750.272339,1648.526245,-1209.479980
232,1.933333,149.034546,32.133606,169.029404,-1767.717896,1630.031250,-1200.121704,-1755.920898,1559.852783,-1324.932983,-1880.731445,1668.625732,-1108.961792,-1631.123291,1691.926025,-1152.390381,,,,-1774.642212,1626.778564,-1223.096802
233,1.941667,148.979355,32.596931,168.767288,-1791.773804,1608.588501,-1213.642212,-1779.143799,1537.523438,-1338.365234,-1905.940552,1646.045898,-1123.529663,-1656.389648,1671.178589,-1165.666748,,,,-1799.201660,1604.869385,-1237.027100
234,1.950000,149.020309,33.044884,168.423126,-1816.803955,1585.802246,-1227.809082,-1802.873413,1514.992554,-1352.014893,-1931.239380,1623.062378,-1137.908813,-1681.488281,1650.141968,-1179.211060,,,,-1823.569458,1582.427979,-1250.850098
235,1.958333,148.895554,33.506844,168.073013,-1841.128662,1563.745972,-1241.379883,-1826.067505,1491.902466,-1365.359619,-1956.763428,1599.973999,-1152.532715,-1707.328857,1628.979858,-1192.881836,,,,-1848.334229,1559.755371,-1264.816895
236,1.966667,148.880707,34.032700,167.855820,-1866.364380,1540.188965,-1255.718628,-1849.689697,1468.698853,-1379.239502,-1982.517944,1576.292358,-1167.296021,-1732.510864,1607.036743,-1206.308838,,,,-1872.843018,1536.491333,-1278.829468
237,1.975000,148.874786,34.575077,167.488449,-1891.261597,1516.827881,-1269.777710,-1873.034668,1445.007812,-1392.948364,-2008.079346,1552.172363,-1182.060669,-1758.362427,1585.070679,-1219.904907,,,,-1897.618042,1513.064331,-1292.960815
238,1.983333,148.833038,35.119987,167.242844,-1915.952881,1493.041260,-1283.883911,-1896.415161,1421.024292,-1406.687256,-2033.728638,1527.665039,-1197.119507,-1783.882202,1562.496460,-1233.427979,,,,-1922.124756,1489.121216,-1307.047729
239,1.991667,148.821823,35.661690,167.022446,-1940.869873,1468.913940,-1298.098755,-1920.074463,1396.742554,-1420.609985,-2059.484619,1502.882690,-1212.142334,-1809.776978,1539.479248,-1246.946777,,,,-1946.697876,1464.904419,-1321.288696
240,2.000000,148.822998,36.245720,166.832809,-1965.825317,1444.484131,-1312.489014,-1943.526978,1372.352417,-1434.719482,-2085.296143,1477.801147,-1227.469971,-1835.757202,1516.140381,-1260.525269,,,,-1971.397949,1440.222168,-1335.712524
241,2.008333,148.759399,36.846600,166.725937,-1990.832031,1419.636719,-1326.862671,-1966.950317,1347.330322,-1448.664673,-2111.407471,1452.150146,-1242.952881,-1861.405029,1492.240112,-1274.087036,,,,-1996.276611,1415.480713,-1350.137451
242,2.016667,148.714920,37.492107,166.619614,-2015.786621,1394.445068,-1341.394653,-1990.306152,1322.108887,-1462.761841,-2137.135986,1426.311401,-1258.570312,-1887.531494,1468.025024,-1287.581421,,,,-2021.058838,1390.182373,-1364.802368
243,2.025000,148.687180,38.133419,166.501877,-2040.895508,1368.962280,-1356.096680,-2013.825195,1296.585693,-1477.104980,-2163.259766,1400.013062,-1274.457764,-1913.583984,1443.537964,-1301.340820,,,,-2045.929688,1364.697632,-1379.484741
244,2.033333,148.648712,38.848305,166.381073,-2066.262207,1343.152344,-1370.907104,-2037.385742,1270.793579,-1491.640991,-2189.629639,1373.520386,-1290.511963,-1940.187866,1418.859253,-1315.063599,,,,-2070.985596,1338.676758,-1394.223511
245,2.041667,148.507294,39.500546,166.433365,-2091.471191,1317.073242,-1385.716675,-2061.024658,1244.641602,-1505.883789,-2215.869873,1346.819580,-1306.658447,-1966.232666,1393.543335,-1328.768555,,,,-2095.999268,1312.603516,-1409.159424
246,2.050000,148.389587,40.251888,166.454666,-2116.698486,1290.509521,-1400.883179,-2084.323975,1218.022583,-1520.635620,-2242.181641,1319.635986,-1323.177612,-1992.734619,1367.880737,-1342.651123,,,,-2120.882812,1285.992310,-1424.399292
247,2.058333,148.282761,40.979198,166.488998,-2142.310303,1263.833984,-1416.137695,-2108.079834,1191.386230,-1535.452271,-2268.719971,1292.281006,-1339.928345,-2019.458740,1342.078979,-1356.651489,,,,-2146.392822,1259.206909,-1439.658203
248,2.066667,148.134338,41.706314,166.678360,-2167.726318,1236.728394,-1431.526855,-2131.817383,1164.420776,-1550.367554,-2295.333008,1264.588623,-1356.902344,-2045.885986,1315.563843,-1370.642578,,,,-2171.335693,1232.100464,-1455.023438
249,2.075000,147.940338,42.513622,166.855499,-2193.359863,1209.378906,-1447.201050,-2155.554688,1137.184692,-1565.368896,-2322.036621,1236.675171,-1374.264771,-2072.781982,1288.968872,-1384.812988,,,,-2196.662354,1204.614746,-1470.823364
250,2.083333,147.668442,43.221222,167.228119,-2218.913574,1181.770142,-1462.859497,-2179.422119,1109.571533,-1580.278198,-2348.572021,1208.578735,-1391.629639,-2099.209473,1261.625854,-1398.942017,,,,-2222.068359,1177.178711,-1486.668823
251,2.091667,147.335373,44.002327,167.587402,-2244.609131,1153.808105,-1478.747925,-2203.145264,1081.592896,-1595.616943,-2375.318359,1180.243896,-1409.508545,-2126.016602,1234.191528,-1413.340698,,,,-2247.461914,1149.161865,-1502.415161
252,2.100000,146.991013,44.804733,168.004120,-2270.577148,1125.749756,-1494.944946,-2226.953613,1053.541138,-1611.113159,-2402.104736,1151.796265,-1427.712402,-2153.121582,1206.478271,-1427.991455,,,,-2273.449463,1121.191772,-1518.526855
253,2.108333,146.613480,45.624104,168.434982,-2296.193115,1097.268799,-1511.505737,-2250.876221,1025.099609,-1626.791748,-2428.996582,1122.983765,-1446.151978,-2180.197754,1178.457031,-1442.913208,,,,-2298.421875,1092.629395,-1535.238770
254,2.116667,146.108215,46.443390,169.015915,-2322.027588,1068.612305,-1528.171265,-2274.747803,996.353088,-1642.626343,-2455.872314,1094.147339,-1464.970947,-2207.337158,1150.142944,-1457.868530,,,,-2323.867432,1063.940918,-1551.928223
255,2.125000,145.609390,47.282200,169.628479,-2347.908691,1039.725342,-1545.182251,-2298.632812,967.489319,-1658.649536,-2482.826172,1065.029907,-1484.122314,-2234.665527,1121.472656,-1473.169312,,,,-2349.451660,1035.034058,-1569.016479
256,2.133333,144.950150,48.134804,170.381927,-2373.888672,1010.506165,-1562.330811,-2322.489746,938.097778,-1674.935547,-2509.861084,1035.752319,-1503.689331,-2261.827148,1092.604980,-1488.459473,,,,-2374.972900,1005.779480,-1586.143188
257,2.141667,144.469604,49.242477,171.005157,-2399.482666,981.681580,-1579.570068,-2346.752197,908.939575,-1691.577759,-2536.846680,1006.370789,-1523.577148,-2289.221436,1063.490967,-1504.148193,-2296.039795,900.803711,-1668.951172,-2400.679932,976.624939,-1603.709595
258,2.150000,143.903061,50.208405,171.761871,-2425.620117,952.090027,-1597.481567,-2371.078613,879.244324,-1708.463867,-2564.266357,976.382996,-1544.036621,-2316.687744,1033.967651,-1520.176636,-2314.699951,877.557190,-1679.826782,-2426.429932,947.169312,-1621.611938
259,2.158333,143.024414,50.808884,172.763443,-2451.334473,922.840881,-1615.270264,-2394.417725,848.924622,-1726.036255,-2591.203857,946.746338,-1564.703735,-2344.187744,1004.199280,-1536.455322,-2333.994629,853.498840,-1691.462769,-2452.594971,917.267090,-1639.814453
260,2.166667,142.076126,51.462414,173.981812,-2477.990723,891.587891,-1634.780762,-2418.698730,819.139160,-1743.445801,-2618.281982,916.901428,-1585.722412,-2371.714355,974.318848,-1553.082764,,,,-2476.719727,886.413513,-1658.916504
261,2.175000,141.332397,52.662941,174.910217,-2503.864990,861.931946,-1653.304321,-2442.967773,788.963623,-1761.226196,-2645.322266,887.018616,-1607.160767,-2399.381592,944.145569,-1570.066895,-2393.833008,781.625061,-1735.005737,-2502.995850,856.462341,-1677.507324
262,2.183333,140.404068,53.457001,176.103348,-2530.028564,831.765564,-1672.513794,-2467.098389,758.563843,-1779.505859,-2672.261963,857.033203,-1628.990356,-2427.027100,913.747986,-1587.322510,-2412.545410,757.910706,-1746.892700,-2528.848633,826.411865,-1696.608276
263,2.191667,139.397873,54.218990,177.411148,-2555.639648,801.983215,-1691.775146,-2491.630127,728.173279,-1797.787354,-2699.233398,826.955261,-1651.270386,-2454.947021,882.772217,-1605.316650,-2432.180176,733.385620,-1759.582153,-2554.510010,796.046570,-1716.279663
264,2.200000,138.297897,55.029747,178.802216,-2581.843018,771.535034,-1711.731689,-2516.169922,697.623474,-1816.500366,-2726.171143,796.882568,-1673.941406,-2482.633057,851.959534,-1623.439575,-2453.114014,706.945618,-1774.323364,-2580.322021,765.553650,-1736.212158
265,2.208333,137.145233,55.827583,-179.723618,-2608.076904,740.949890,-1732.217773,-2540.429443,666.937012,-1835.860718,-2752.999023,766.704895,-1697.130127,-2510.343994,821.059937,-1641.931396,-2476.307373,678.287537,-1791.030762,-2606.064209,735.032288,-1756.671875
266,2.216667,135.898987,56.635124,-178.175934,-2634.373535,710.315186,-1753.090088,-2564.860840,636.123657,-1855.460327,-2779.898438,736.433960,-1720.805298,-2538.179688,790.077271,-1660.896484,-2501.243652,647.402893,-1809.918457,-2631.852539,704.451416,-1777.484131
267,2.225000,134.538773,57.294491,-176.430908,-2660.605225,679.526855,-1774.496704,-2589.412598,605.358826,-1875.564453,-2806.468506,706.195923,-1745.101929,-2565.912842,758.833740,-1680.255981,-2527.626465,614.861450,-1830.395020,-2657.609619,673.747559,-1798.752075
268,2.233333,133.018433,57.881802,-174.540848,-2686.862793,648.671082,-1796.395874,-2613.891357,574.429138,-1896.155396,-2832.851074,675.979675,-1770.033691,-2593.655762,727.575684,-1700.144653,-2554.818115,581.325317,-1852.033203,-2683.438721,643.011719,-1820.374146
269,2.241667,131.540314,58.339672,-172.678619,-2713.087891,617.702698,-1818.761353,-2638.273193,543.352661,-1917.146362,-2859.540771,645.715759,-1795.030640,-2621.472412,696.244080,-1720.464478,-2582.327393,547.491882,-1874.294189,-2709.065430,612.178772,-1842.699341
270,2.250000,129.868301,58.824028,-170.612488,-2739.219971,586.772949,-1841.648315,-2662.756348,512.236023,-1938.539062,-2885.991455,615.615784,-1820.827637,-2649.219238,664.775879,-1741.349243,-2609.583740,513.745789,-1896.828979,-2734.615723,581.332336,-1865.468994
271,2.258333,128.102768,59.331108,-168.452240,-2765.295898,555.871704,-1865.008911,-2687.555420,481.165253,-1960.198853,-2912.277588,585.516418,-1847.124756,-2676.901123,633.305298,-1762.705933,-2636.400879,480.606049,-1919.461304,-2760.178955,550.413513,-1888.810913
272,2.266667,126.326538,59.780972,-166.253983,-2791.252441,524.988342,-1888.901978,-2712.077637,450.019958,-1982.556274,-2938.423340,555.420044,-1873.896240,-2704.532715,601.755676,-1784.655884,-2662.519287,448.185181,-1942.039551,-2785.593750,519.612244,-1912.623901
273,2.275000,124.592445,60.183186,-164.080399,-2817.126953,494.093536,-1913.344849,-2736.401367,418.940094,-2005.727539,-2964.446289,525.341003,-1901.160034,-2732.112061,570.208923,-1807.213135,-2687.730225,416.397369,-1964.722412,-2811.075439,488.720917,-1936.949707
274,2.283333,122.578209,59.910873,-161.581787,-2842.561279,463.859497,-1937.899292,-2760.744873,387.837006,-2029.329590,-2987.441162,498.211060,-1927.011719,-2759.527344,538.702820,-1830.354614,-2712.752197,385.432709,-1987.418701,-2836.694824,458.130920,-1961.462280
275,2.291667,120.684891,59.721481,-159.245392,-2868.007568,433.730621,-1962.786377,-2785.170166,356.619354,-2053.188232,-3008.587402,472.786926,-1951.740967,-2786.915039,507.148865,-1854.071045,-2737.435791,354.412384,-2010.285889,-2861.987793,427.307098,-1986.834229
276,2.300000,118.719299,59.655254,-156.767578,-2893.840820,403.113922,-1989.209473,-2809.427490,325.590332,-2077.871582,-3028.762207,447.885529,-1976.469849,-2814.218506,475.670685,-1878.298218,-2762.229736,323.588043,-2033.833496,-2886.997559,396.574768,-2012.848877
277,2.308333,118.092331,59.544044,-155.464005,-2915.957764,375.042877,-2013.092041,,,,,,,,,,,,,,,
278,2.316667,118.092331,59.544037,-155.464005,-2915.957764,375.042877,-2013.092041,,,,,,,,,,,,,,,
279,2.325000,118.092331,59.544037,-155.464005,-2915.957764,375.042877,-2013.092041,,,,,,,,,,,,,,,
280,2.333333,118.092331,59.544037,-155.464005,-2915.957764,375.042877,-2013.092041,,,,,,,,,,,,,,,
281,2.341667,118.092331,59.544037,-155.464005,-2915.957764,375.042877,-2013.092041,,,,,,,,,,,,,,,
282,2.350000,118.092331,59.544037,-155.464005,-2915.957764,375.042877,-2013.092041,,,,,,,,,,,,,,,
283,2.358333,118.092331,59.544037,-155.464005,-2915.957764,375.042877,-2013.092041,,,,,,,,,,,,,,,
284,2.366667,118.092331,59.544037,-155.464005,-2915.957764,375.042877,-2013.092041,,,,,,,,,,,,,,,
285,2.375000,118.092331,59.544037,-155.464005,-2915.957764,375.042877,-2013.092041,,,,,,,,,,,,,,,
286,2.383333,118.092331,59.544037,-155.464005,-2915.957764,375.042877,-2013.092041,,,,,,,,,,,,,,,
287,2.391667,118.092331,59.544037,-155.464005,-2915.957764,375.042877,-2013.092041,,,,,,,,,,,,,,,
288,2.400000,118.092331,59.544037,-155.464005,-2915.957764,375.042877,-2013.092041,,,,,,,,,,,,,,,
289,2.408333,118.092331,59.544037,-155.464005,-2915.957764,375.042877,-2013.092041,,,,,,,,,,,,,,,
290,2.416667,118.092331,59.544037,-155.464005,-2915.957764,375.042877,-2013.092041,,,,,,,,,,,,,,,
291,2.425000,118.092331,59.544037,-155.464005,-2915.957764,375.042877,-2013.092041,,,,,,,,,,,,,,,
292,2.433333,118.092331,59.544037,-155.464005,-2915.957764,375.042877,-2013.092041,,,,,,,,,,,,,,,
293,2.441667,118.092331,59.544037,-155.464005,-2915.957764,375.042877,-2013.092041,,,,,,,,,,,,,,,
294,2.450000,118.092331,59.544037,-155.464005,-2915.957764,375.042877,-2013.092041,,,,,,,,,,,,,,,
295,2.458333,118.092331,59.544037,-155.464005,-2915.957764,375.042877,-2013.092041,,,,,,,,,,,,,,,
296,2.466667,118.092331,59.544037,-155.464005,-2915.957764,375.042877,-2013.092041,,,,,,,,,,,,,,,
297,2.475000,118.092331,59.544037,-155.464005,-2915.957764,375.042877,-2013.092041,,,,,,,,,,,,,,,
298,2.483333,118.092331,59.544037,-155.464005,-2915.957764,375.042877,-2013.092041,,,,,,,,,,,,,,,
299,2.491667,118.092331,59.544037,-155.464005,-2915.957764,375.042877,-2013.092041,,,,,,,,,,,,,,,
300,2.500000,118.092331,59.544037,-155.464005,-2915.957764,375.042877,-2013.092041,,,,,,,,,,,,,,,
301,2.508333,118.092331,59.544037,-155.464005,-2915.957764,375.042877,-2013.092041,,,,,,,,,,,,,,,
302,2.516667,118.092331,59.544037,-155.464005,-2915.957764,375.042877,-2013.092041,,,,,,,,,,,,,,,
303,2.525000,118.092331,59.544037,-155.464005,-2915.957764,375.042877,-2013.092041,,,,,,,,,,,,,,,
304,2.533333,118.092331,59.544037,-155.464005,-2915.957764,375.042877,-2013.092041,,,,,,,,,,,,,,,
305,2.541667,118.092331,59.544037,-155.464005,-2915.957764,375.042877,-2013.092041,,,,,,,,,,,,,,,
306,2.550000,118.092331,59.544037,-155.464005,-2915.957764,375.042877,-2013.092041,,,,,,,,,,,,,,,
307,2.558333,118.092331,59.544037,-155.464005,-2915.957764,375.042877,-2013.092041,,,,,,,,,,,,,,,
308,2.566667,118.092331,59.544037,-155.464005,-2915.957764,375.042877,-2013.092041,,,,,,,,,,,,,,,
309,2.575000,118.092331,59.544037,-155.464005,-2915.957764,375.042877,-2013.092041,,,,,,,,,,,,,,,
310,2.583333,118.092331,59.544037,-155.464005,-2915.957764,375.042877,-2013.092041,,,,,,,,,,,,,,,
311,2.591667,118.092331,59.544037,-155.464005,-2915.957764,375.042877,-2013.092041,,,,,,,,,,,,,,,
312,2.600000,118.092331,59.544037,-155.464005,-2915.957764,375.042877,-2013.092041,,,,,,,,,,,,,,,
313,2.608333,118.092331,59.544037,-155.464005,-2915.957764,375.042877,-2013.092041,,,,,,,,,,,,,,,
314,2.616667,118.092331,59.544037,-155.464005,-2915.957764,375.042877,-2013.092041,,,,,,,,,,,,,,,
315,2.625000,118.092331,59.544037,-155.464005,-2915.957764,375.042877,-2013.092041,,,,,,,,,,,,,,,
316,2.633333,118.092331,59.544037,-155.464005,-2915.957764,375.042877,-2013.092041,,,,,,,,,,,,,,,
317,2.641667,118.092331,59.544037,-155.464005,-2915.957764,375.042877,-2013.092041,,,,,,,,,,,,,,,
318,2.650000,118.092331,59.544037,-155.464005,-2915.957764,375.042877,-2013.092041,,,,,,,,,,,,,,,
319,2.658333,118.092331,59.544037,-155.464005,-2915.957764,375.042877,-2013.092041,,,,,,,,,,,,,,,
320,2.666667,118.092331,59.544037,-155.464005,-2915.957764,375.042877,-2013.092041,,,,,,,,,,,,,,,
321,2.675000,118.092331,59.544037,-155.464005,-2915.957764,375.042877,-2013.092041,,,,,,,,,,,,,,,
322,2.683333,118.092331,59.544037,-155.464005,-2915.957764,375.042877,-2013.092041,,,,,,,,,,,,,,,
323,2.691667,118.092331,59.544037,-155.464005,-2915.957764,375.042877,-2013.092041,,,,,,,,,,,,,,,
324,2.700000,118.092331,59.544037,-155.464005,-2915.957764,375.042877,-2013.092041,,,,,,,,,,,,,,,
325,2.708333,118.092331,59.544037,-155.464005,-2915.957764,375.042877,-2013.092041,,,,,,,,,,,,,,,
326,2.716667,118.092331,59.544037,-155.464005,-2915.957764,375.042877,-2013.092041,,,,,,,,,,,,,,,
327,2.725000,118.092331,59.544037,-155.464005,-2915.957764,375.042877,-2013.092041,,,,,,,,,,,,,,,
328,2.733333,118.092331,59.544037,-155.464005,-2915.957764,375.042877,-2013.092041,,,,,,,,,,,,,,,
329,2.741667,118.092331,59.544037,-155.464005,-2915.957764,375.042877,-2013.092041,,,,,,,,,,,,,,,
330,2.750000,118.092331,59.544037,-155.464005,-2915.957764,375.042877,-2013.092041,,,,,,,,,,,,,,,
331,2.758333,118.092331,59.544037,-155.464005,-2915.957764,375.042877,-2013.092041,,,,,,,,,,,,,,,
332,2.766667,118.092331,59.544037,-155.464005,-2915.957764,375.042877,-2013.092041,,,,,,,,,,,,,,,
333,2.775000,118.092331,59.544037,-155.464005,-2915.957764,375.042877,-2013.092041,,,,,,,,,,,,,,,
334,2.783333,118.092331,59.544037,-155.464005,-2915.957764,375.042877,-2013.092041,,,,,,,,,,,,,,,
335,2.791667,118.092331,59.544037,-155.464005,-2915.957764,375.042877,-2013.092041,,,,,,,,,,,,,,,
336,2.800000,118.092331,59.544037,-155.464005,-2915.957764,375.042877,-2013.092041,,,,,,,,,,,,,,,
337,2.808333,118.092331,59.544037,-155.464005,-2915.957764,375.042877,-2013.092041,,,,,,,,,,,,,,,
338,2.816667,118.092331,59.544037,-155.464005,-2915.957764,375.042877,-2013.092041,,,,,,,,,,,,,,,
339,2.825000,118.092331,59.544037,-155.464005,-2915.957764,375.042877,-2013.092041,,,,,,,,,,,,,,,
340,2.833333,118.092331,59.544037,-155.464005,-2915.957764,375.042877,-2013.092041,,,,,,,,,,,,,,,
341,2.841667,118.092331,59.544037,-155.464005,-2915.957764,375.042877,-2013.092041,,,,,,,,,,,,,,,
342,2.850000,118.092331,59.544037,-155.464005,-2915.957764,375.042877,-2013.092041,,,,,,,,,,,,,,,
343,2.858333,118.092331,59.544037,-155.464005,-2915.957764,375.042877,-2013.092041,,,,,,,,,,,,,,,
344,2.866667,118.092331,59.544037,-155.464005,-2915.957764,375.042877,-2013.092041,,,,,,,,,,,,,,,
345,2.875000,118.092331,59.544037,-155.464005,-2915.957764,375.042877,-2013.092041,,,,,,,,,,,,,,,
346,2.883333,118.092331,59.544037,-155.464005,-2915.957764,375.042877,-2013.092041,,,,,,,,,,,,,,,
347,2.891667,118.092331,59.544037,-155.464005,-2915.957764,375.042877,-2013.092041,,,,,,,,,,,,,,,
348,2.900000,118.092331,59.544037,-155.464005,-2915.957764,375.042877,-2013.092041,,,,,,,,,,,,,,,
349,2.908333,118.092331,59.544037,-155.464005,-2915.957764,375.042877,-2013.092041,,,,,,,,,,,,,,,
350,2.916667,118.092331,59.544037,-155.464005,-2915.957764,375.042877,-2013.092041,,,,,,,,,,,,,,,
351,2.925000,118.092331,59.544037,-155.464005,-2915.957764,375.042877,-2013.092041,,,,,,,,,,,,,,,
352,2.933333,118.092331,59.544037,-155.464005,-2915.957764,375.042877,-2013.092041,,,,,,,,,,,,,,,
353,2.941667,118.092331,59.544037,-155.464005,-2915.957764,375.042877,-2013.092041,,,,,,,,,,,,,,,
354,2.950000,118.092331,59.544037,-155.464005,-2915.957764,375.042877,-2013.092041,,,,,,,,,,,,,,,
355,2.958333,118.092331,59.544037,-155.464005,-2915.957764,375.042877,-2013.092041,,,,,,,,,,,,,,,
356,2.966667,118.092331,59.544037,-155.464005,-2915.957764,375.042877,-2013.092041,,,,,,,,,,,,,,,
357,2.975000,118.092331,59.544037,-155.464005,-2915.957764,375.042877,-2013.092041,,,,,,,,,,,,,,,
358,2.983333,118.092331,59.544037,-155.464005,-2915.957764,375.042877,-2013.092041,,,,,,,,,,,,,,,
359,2.991667,118.092331,59.544037,-155.464005,-2915.957764,375.042877,-2013.092041,,,,,,,,,,,,,,,
360,3.000000,118.092331,59.544037,-155.464005,-2915.957764,375.042877,-2013.092041,,,,,,,,,,,,,,,
361,3.008333,118.092331,59.544037,-155.464005,-2915.957764,375.042877,-2013.092041,,,,,,,,,,,,,,,
362,3.016667,118.092331,59.544037,-155.464005,-2915.957764,375.042877,-2013.092041,,,,,,,,,,,,,,,
363,3.025000,118.092331,59.544037,-155.464005,-2915.957764,375.042877,-2013.092041,,,,,,,,,,,,,,,
364,3.033333,118.092331,59.544037,-155.464005,-2915.957764,375.042877,-2013.092041,,,,,,,,,,,,,,,
365,3.041667,118.092331,59.544037,-155.464005,-2915.957764,375.042877,-2013.092041,,,,,,,,,,,,,,,
366,3.050000,118.092331,59.544037,-155.464005,-2915.957764,375.042877,-2013.092041,,,,,,,,,,,,,,,
367,3.058333,118.092331,59.544037,-155.464005,-2915.957764,375.042877,-2013.092041,,,,,,,,,,,,,,,
368,3.066667,118.092331,59.544037,-155.464005,-2915.957764,375.042877,-2013.092041,,,,,,,,,,,,,,,
369,3.075000,118.092331,59.544037,-155.464005,-2915.957764,375.042877,-2013.092041,,,,,,,,,,,,,,,
370,3.083333,118.092331,59.544037,-155.464005,-2915.957764,375.042877,-2013.092041,,,,,,,,,,,,,,,
371,3.091667,118.092331,59.544037,-155.464005,-2915.957764,375.042877,-2013.092041,,,,,,,,,,,,,,,
372,3.100000,118.092331,59.544037,-155.464005,-2915.957764,375.042877,-2013.092041,,,,,,,,,,,,,,,
373,3.108333,118.092331,59.544037,-155.464005,-2915.957764,375.042877,-2013.092041,,,,,,,,,,,,,,,
374,3.116667,118.092331,59.544037,-155.464005,-2915.957764,375.042877,-2013.092041,,,,,,,,,,,,,,,
375,3.125000,118.092331,59.544037,-155.464005,-2915.957764,375.042877,-2013.092041,,,,,,,,,,,,,,,
376,3.133333,118.092331,59.544037,-155.464005,-2915.957764,375.042877,-2013.092041,,,,,,,,,,,,,,,
377,3.141667,118.092331,59.544037,-155.464005,-2915.957764,375.042877,-2013.092041,,,,,,,,,,,,,,,
378,3.150000,118.092331,59.544037,-155.464005,-2915.957764,375.042877,-2013.092041,,,,,,,,,,,,,,,
379,3.158333,118.092331,59.544037,-155.464005,-2915.957764,375.042877,-2013.092041,,,,,,,,,,,,,,,
380,3.166667,118.092331,59.544037,-155.464005,-2915.957764,375.042877,-2013.092041,,,,,,,,,,,,,,,
381,3.175000,118.092331,59.544037,-155.464005,-2915.957764,375.042877,-2013.092041,,,,,,,,,,,,,,,
382,3.183333,118.092331,59.544037,-155.464005,-2915.957764,375.042877,-2013.092041,,,,,,,,,,,,,,,
383,3.191667,118.092331,59.544037,-155.464005,-2915.957764,375.042877,-2013.092041,,,,,,,,,,,,,,,
384,3.200000,118.092331,59.544037,-155.464005,-2915.957764,375.042877,-2013.092041,,,,,,,,,,,,,,,
385,3.208333,118.092331,59.544037,-155.464005,-2915.957764,375.042877,-2013.092041,,,,,,,,,,,,,,,
386,3.216667,118.092331,59.544037,-155.464005,-2915.957764,375.042877,-2013.092041,,,,,,,,,,,,,,,
387,3.225000,118.092331,59.544037,-155.464005,-2915.957764,375.042877,-2013.092041,,,,,,,,,,,,,,,
388,3.233333,118.092331,59.544037,-155.464005,-2915.957764,375.042877,-2013.092041,,,,,,,,,,,,,,,
389,3.241667,118.092331,59.544037,-155.464005,-2915.957764,375.042877,-2013.092041,,,,,,,,,,,,,,,
390,3.250000,118.092331,59.544037,-155.464005,-2915.957764,375.042877,-2013.092041,,,,,,,,,,,,,,,
391,3.258333,118.092331,59.544037,-155.464005,-2915.957764,375.042877,-2013.092041,,,,,,,,,,,,,,,
392,3.266667,118.092331,59.544037,-155.464005,-2915.957764,375.042877,-2013.092041,,,,,,,,,,,,,,,
393,3.275000,118.092331,59.544037,-155.464005,-2915.957764,375.042877,-2013.092041,,,,,,,,,,,,,,,
394,3.283333,118.092331,59.544037,-155.464005,-2915.957764,375.042877,-2013.092041,,,,,,,,,,,,,,,
395,3.291667,118.092331,59.544037,-155.464005,-2915.957764,375.042877,-2013.092041,,,,,,,,,,,,,,,
396,3.300000,118.092331,59.544037,-155.464005,-2915.957764,375.042877,-2013.092041,,,,,,,,,,,,,,,
397,3.308333,118.092331,59.544037,-155.464005,-2915.957764,375.042877,-2013.092041,,,,,,,,,,,,,,,
398,3.316667,118.092331,59.544037,-155.464005,-2915.957764,375.042877,-2013.092041,,,,,,,,,,,,,,,
399,3.325000,118.092331,59.544037,-155.464005,-2915.957764,375.042877,-2013.092041,,,,,,,,,,,,,,,
400,3.333333,118.092331,59.544037,-155.464005,-2915.957764,375.042877,-2013.092041,,,,,,,,,,,,,,,
401,3.341667,118.092331,59.544037,-155.464005,-2915.957764,375.042877,-2013.092041,,,,,,,,,,,,,,,
402,3.350000,118.092331,59.544037,-155.464005,-2915.957764,375.042877,-2013.092041,,,,,,,,,,,,,,,
403,3.358333,118.092331,59.544037,-155.464005,-2915.957764,375.042877,-2013.092041,,,,,,,,,,,,,,,
404,3.366667,118.092331,59.544037,-155.464005,-2915.957764,375.042877,-2013.092041,,,,,,,,,,,,,,,
405,3.375000,118.092331,59.544037,-155.464005,-2915.957764,375.042877,-2013.092041,,,,,,,,,,,,,,,
406,3.383333,118.092331,59.544037,-155.464005,-2915.957764,375.042877,-2013.092041,,,,,,,,,,,,,,,
407,3.391667,118.092331,59.544037,-155.464005,-2915.957764,375.042877,-2013.092041,,,,,,,,,,,,,,,
408,3.400000,118.092331,59.544037,-155.464005,-2915.957764,375.042877,-2013.092041,,,,,,,,,,,,,,,
409,3.408333,118.092331,59.544037,-155.464005,-2915.957764,375.042877,-2013.092041,,,,,,,,,,,,,,,
410,3.416667,118.092331,59.544037,-155.464005,-2915.957764,375.042877,-2013.092041,,,,,,,,,,,,,,,
411,3.425000,118.092331,59.544037,-155.464005,-2915.957764,375.042877,-2013.092041,,,,,,,,,,,,,,,
412,3.433333,118.092331,59.544037,-155.464005,-2915.957764,375.042877,-2013.092041,,,,,,,,,,,,,,,
413,3.441667,118.092331,59.544037,-155.464005,-2915.957764,375.042877,-2013.092041,,,,,,,,,,,,,,,
414,3.450000,118.092331,59.544037,-155.464005,-2915.957764,375.042877,-2013.092041,,,,,,,,,,,,,,,
415,3.458333,118.092331,59.544037,-155.464005,-2915.957764,375.042877,-2013.092041,,,,,,,,,,,,,,,
416,3.466667,118.092331,59.544037,-155.464005,-2915.957764,375.042877,-2013.092041,,,,,,,,,,,,,,,
417,3.475000,118.092331,59.544037,-155.464005,-2915.957764,375.042877,-2013.092041,,,,,,,,,,,,,,,
418,3.483333,118.092331,59.544037,-155.464005,-2915.957764,375.042877,-2013.092041,,,,,,,,,,,,,,,
419,3.491667,118.092331,59.544037,-155.464005,-2915.957764,375.042877,-2013.092041,,,,,,,,,,,,,,,
420,3.500000,118.092331,59.544037,-155.464005,-2915.957764,375.042877,-2013.092041,,,,,,,,,,,,,,,
421,3.508333,118.092331,59.544037,-155.464005,-2915.957764,375.042877,-2013.092041,,,,,,,,,,,,,,,
422,3.516667,118.092331,59.544037,-155.464005,-2915.957764,375.042877,-2013.092041,,,,,,,,,,,,,,,
423,3.525000,118.092331,59.544037,-155.464005,-2915.957764,375.042877,-2013.092041,,,,,,,,,,,,,,,
424,3.533333,118.092331,59.544037,-155.464005,-2915.957764,375.042877,-2013.092041,,,,,,,,,,,,,,,
425,3.541667,118.092331,59.544037,-155.464005,-2915.957764,375.042877,-2013.092041,,,,,,,,,,,,,,,
426,3.550000,118.092331,59.544037,-155.464005,-2915.957764,375.042877,-2013.092041,,,,,,,,,,,,,,,
427,3.558333,118.092331,59.544037,-155.464005,-2915.957764,375.042877,-2013.092041,,,,,,,,,,,,,,,
428,3.566667,118.092331,59.544037,-155.464005,-2915.957764,375.042877,-2013.092041,,,,,,,,,,,,,,,
429,3.575000,118.092331,59.544037,-155.464005,-2915.957764,375.042877,-2013.092041,,,,,,,,,,,,,,,
430,3.583333,118.092331,59.544037,-155.464005,-2915.957764,375.042877,-2013.092041,,,,,,,,,,,,,,,
431,3.591667,118.092331,59.544037,-155.464005,-2915.957764,375.042877,-2013.092041,,,,,,,,,,,,,,,
432,3.600000,118.092331,59.544037,-155.464005,-2915.957764,375.042877,-2013.092041,,,,,,,,,,,,,,,
433,3.608333,118.092331,59.544037,-155.464005,-2915.957764,375.042877,-2013.092041,,,,,,,,,,,,,,,
434,3.616667,118.092331,59.544037,-155.464005,-2915.957764,375.042877,-2013.092041,,,,,,,,,,,,,,,
435,3.625000,118.092331,59.544037,-155.464005,-2915.957764,375.042877,-2013.092041,,,,,,,,,,,,,,,
436,3.633333,118.092331,59.544037,-155.464005,-2915.957764,375.042877,-2013.092041,,,,,,,,,,,,,,,
437,3.641667,118.092331,59.544037,-155.464005,-2915.957764,375.042877,-2013.092041,,,,,,,,,,,,,,,
438,3.650000,118.092331,59.544037,-155.464005,-2915.957764,375.042877,-2013.092041,,,,,,,,,,,,,,,
439,3.658333,118.092331,59.544037,-155.464005,-2915.957764,375.042877,-2013.092041,,,,,,,,,,,,,,,
440,3.666667,118.092331,59.544037,-155.464005,-2915.957764,375.042877,-2013.092041,,,,,,,,,,,,,,,
441,3.675000,118.092331,59.544037,-155.464005,-2915.957764,375.042877,-2013.092041,,,,,,,,,,,,,,,
442,3.683333,118.092331,59.544037,-155.464005,-2915.957764,375.042877,-2013.092041,,,,,,,,,,,,,,,
443,3.691667,118.092331,59.544037,-155.464005,-2915.957764,375.042877,-2013.092041,,,,,,,,,,,,,,,
444,3.700000,118.092331,59.544037,-155.464005,-2915.957764,375.042877,-2013.092041,,,,,,,,,,,,,,,
445,3.708333,118.092331,59.544037,-155.464005,-2915.957764,375.042877,-2013.092041,,,,,,,,,,,,,,,
446,3.716667,118.092331,59.544037,-155.464005,-2915.957764,375.042877,-2013.092041,,,,,,,,,,,,,,,
447,3.725000,118.092331,59.544037,-155.464005,-2915.957764,375.042877,-2013.092041,,,,,,,,,,,,,,,
448,3.733333,118.092331,59.544037,-155.464005,-2915.957764,375.042877,-2013.092041,,,,,,,,,,,,,,,
449,3.741667,118.092331,59.544037,-155.464005,-2915.957764,375.042877,-2013.092041,,,,,,,,,,,,,,,
450,3.750000,118.092331,59.544037,-155.464005,-2915.957764,375.042877,-2013.092041,,,,,,,,,,,,,,,
451,3.758333,118.092331,59.544037,-155.464005,-2915.957764,375.042877,-2013.092041,,,,,,,,,,,,,,,
452,3.766667,118.092331,59.544037,-155.464005,-2915.957764,375.042877,-2013.092041,,,,,,,,,,,,,,,
453,3.775000,118.092331,59.544037,-155.464005,-2915.957764,375.042877,-2013.092041,,,,,,,,,,,,,,,
454,3.783333,118.092331,59.544037,-155.464005,-2915.957764,375.042877,-2013.092041,,,,,,,,,,,,,,,
455,3.791667,118.092331,59.544037,-155.464005,-2915.957764,375.042877,-2013.092041,,,,,,,,,,,,,,,
456,3.800000,118.092331,59.544037,-155.464005,-2915.957764,375.042877,-2013.092041,,,,,,,,,,,,,,,
457,3.808333,118.092331,59.544037,-155.464005,-2915.957764,375.042877,-2013.092041,,,,,,,,,,,,,,,
458,3.816667,118.092331,59.544037,-155.464005,-2915.957764,375.042877,-2013.092041,,,,,,,,,,,,,,,
459,3.825000,118.092331,59.544037,-155.464005,-2915.957764,375.042877,-2013.092041,,,,,,,,,,,,,,,
