Format Version,1.24,Take Name,V4_throw_003,Take Notes,,Capture Frame Rate,120.000000,Export Frame Rate,120.000000,Capture Start Time,2024-04-22 08.22.47.673 PM,Capture Start Frame,-2147483648,Total Frames in Take,354,Total Exported Frames,354,Rotation Type,Quaternion,Length Units,Millimeters,Coordinate Space,Global

,Type,Rigid Body,Rigid Body,Rigid Body,Rigid Body,Rigid Body,Rigid Body,Rigid Body,Marker,Marker,Marker,Marker,Marker,Marker,Marker,Marker,Marker,Marker,Marker,Marker,Marker,Marker,Marker
,Name,V4Glider,V4Glider,V4Glider,V4Glider,V4Glider,V4Glider,V4Glider,V4Glider:Marker 001,V4Glider:Marker 001,V4Glider:Marker 001,V4Glider:Marker 002,V4Glider:Marker 002,V4Glider:Marker 002,V4Glider:Marker 003,V4Glider:Marker 003,V4Glider:Marker 003,V4Glider:Marker 004,V4Glider:Marker 004,V4Glider:Marker 004,V4Glider:Marker 005,V4Glider:Marker 005,V4Glider:Marker 005
,ID,9373EBC6F84F11EEBD9122A53CA86A8A,9373EBC6F84F11EEBD9122A53CA86A8A,9373EBC6F84F11EEBD9122A53CA86A8A,9373EBC6F84F11EEBD9122A53CA86A8A,9373EBC6F84F11EEBD9122A53CA86A8A,9373EBC6F84F11EEBD9122A53CA86A8A,9373EBC6F84F11EEBD9122A53CA86A8A,"B5F4586A010711EFBD9122A53CA87A8A","B5F4586A010711EFBD9122A53CA87A8A","B5F4586A010711EFBD9122A53CA87A8A","B5F45868010711EFBD9122A53CA87A8A","B5F45868010711EFBD9122A53CA87A8A","B5F45868010711EFBD9122A53CA87A8A","B5F45869010711EFBD9122A53CA87A8A","B5F45869010711EFBD9122A53CA87A8A","B5F45869010711EFBD9122A53CA87A8A","B5F45866010711EFBD9122A53CA87A8A","B5F45866010711EFBD9122A53CA87A8A","B5F45866010711EFBD9122A53CA87A8A","B5F45867010711EFBD9122A53CA87A8A","B5F45867010711EFBD9122A53CA87A8A","B5F45867010711EFBD9122A53CA87A8A"
,,Rotation,Rotation,Rotation,Rotation,Position,Position,Position,Position,Position,Position,Position,Position,Position,Position,Position,Position,Position,Position,Position,Position,Position,Position
Frame,Time (Seconds),X,Y,Z,W,X,Y,Z,X,Y,Z,X,Y,Z,X,Y,Z,X,Y,Z,X,Y,Z
0,0.000000,0.000000,0.000000,0.000000,1.000000,0.000000,0.000000,0.000000,,,,,,,,,,,,,,,
1,0.008333,0.000000,0.000000,0.000000,1.000000,0.000000,0.000000,0.000000,,,,,,,,,,,,,,,
2,0.016667,0.000000,0.000000,0.000000,1.000000,0.000000,0.000000,0.000000,,,,,,,,,,,,,,,
3,0.025000,0.000000,0.000000,0.000000,1.000000,0.000000,0.000000,0.000000,,,,,,,,,,,,,,,
4,0.033333,0.000000,0.000000,0.000000,1.000000,0.000000,0.000000,0.000000,,,,,,,,,,,,,,,
5,0.041667,0.000000,0.000000,0.000000,1.000000,0.000000,0.000000,0.000000,,,,,,,,,,,,,,,
6,0.050000,0.000000,0.000000,0.000000,1.000000,0.000000,0.000000,0.000000,,,,,,,,,,,,,,,
7,0.058333,0.000000,0.000000,0.000000,1.000000,0.000000,0.000000,0.000000,,,,,,,,,,,,,,,
8,0.066667,0.000000,0.000000,0.000000,1.000000,0.000000,0.000000,0.000000,,,,,,,,,,,,,,,
9,0.075000,0.000000,0.000000,0.000000,1.000000,0.000000,0.000000,0.000000,,,,,,,,,,,,,,,
10,0.083333,0.000000,0.000000,0.000000,1.000000,0.000000,0.000000,0.000000,,,,,,,,,,,,,,,
11,0.091667,0.000000,0.000000,0.000000,1.000000,0.000000,0.000000,0.000000,,,,,,,,,,,,,,,
12,0.100000,0.000000,0.000000,0.000000,1.000000,0.000000,0.000000,0.000000,,,,,,,,,,,,,,,
13,0.108333,0.000000,0.000000,0.000000,1.000000,0.000000,0.000000,0.000000,,,,,,,,,,,,,,,
14,0.116667,0.000000,0.000000,0.000000,1.000000,0.000000,0.000000,0.000000,,,,,,,,,,,,,,,
15,0.125000,0.000000,0.000000,0.000000,1.000000,0.000000,0.000000,0.000000,,,,,,,,,,,,,,,
16,0.133333,0.000000,0.000000,0.000000,1.000000,0.000000,0.000000,0.000000,,,,,,,,,,,,,,,
17,0.141667,0.000000,0.000000,0.000000,1.000000,0.000000,0.000000,0.000000,,,,,,,,,,,,,,,
18,0.150000,0.000000,0.000000,0.000000,1.000000,0.000000,0.000000,0.000000,,,,,,,,,,,,,,,
19,0.158333,0.000000,0.000000,0.000000,1.000000,0.000000,0.000000,0.000000,,,,,,,,,,,,,,,
20,0.166667,0.000000,0.000000,0.000000,1.000000,0.000000,0.000000,0.000000,,,,,,,,,,,,,,,
21,0.175000,0.000000,0.000000,0.000000,1.000000,0.000000,0.000000,0.000000,,,,,,,,,,,,,,,
22,0.183333,0.000000,0.000000,0.000000,1.000000,0.000000,0.000000,0.000000,,,,,,,,,,,,,,,
23,0.191667,0.000000,0.000000,0.000000,1.000000,0.000000,0.000000,0.000000,,,,,,,,,,,,,,,
24,0.200000,0.000000,0.000000,0.000000,1.000000,0.000000,0.000000,0.000000,,,,,,,,,,,,,,,
25,0.208333,0.000000,0.000000,0.000000,1.000000,0.000000,0.000000,0.000000,,,,,,,,,,,,,,,
26,0.216667,0.000000,0.000000,0.000000,1.000000,0.000000,0.000000,0.000000,,,,,,,,,,,,,,,
27,0.225000,0.000000,0.000000,0.000000,1.000000,0.000000,0.000000,0.000000,,,,,,,,,,,,,,,
28,0.233333,0.000000,0.000000,0.000000,1.000000,0.000000,0.000000,0.000000,,,,,,,,,,,,,,,
29,0.241667,0.000000,0.000000,0.000000,1.000000,0.000000,0.000000,0.000000,,,,,,,,,,,,,,,
30,0.250000,0.000000,0.000000,0.000000,1.000000,0.000000,0.000000,0.000000,,,,,,,,,,,,,,,
31,0.258333,0.000000,0.000000,0.000000,1.000000,0.000000,0.000000,0.000000,,,,,,,,,,,,,,,
32,0.266667,0.000000,0.000000,0.000000,1.000000,0.000000,0.000000,0.000000,,,,,,,,,,,,,,,
33,0.275000,0.000000,0.000000,0.000000,1.000000,0.000000,0.000000,0.000000,,,,,,,,,,,,,,,
34,0.283333,0.000000,0.000000,0.000000,1.000000,0.000000,0.000000,0.000000,,,,,,,,,,,,,,,
35,0.291667,0.000000,0.000000,0.000000,1.000000,0.000000,0.000000,0.000000,,,,,,,,,,,,,,,
36,0.300000,0.000000,0.000000,0.000000,1.000000,0.000000,0.000000,0.000000,,,,,,,,,,,,,,,
37,0.308333,0.000000,0.000000,0.000000,1.000000,0.000000,0.000000,0.000000,,,,,,,,,,,,,,,
38,0.316667,0.000000,0.000000,0.000000,1.000000,0.000000,0.000000,0.000000,,,,,,,,,,,,,,,
39,0.325000,0.000000,0.000000,0.000000,1.000000,0.000000,0.000000,0.000000,,,,,,,,,,,,,,,
40,0.333333,0.000000,0.000000,0.000000,1.000000,0.000000,0.000000,0.000000,,,,,,,,,,,,,,,
41,0.341667,0.000000,0.000000,0.000000,1.000000,0.000000,0.000000,0.000000,,,,,,,,,,,,,,,
42,0.350000,0.000000,0.000000,0.000000,1.000000,0.000000,0.000000,0.000000,,,,,,,,,,,,,,,
43,0.358333,0.000000,0.000000,0.000000,1.000000,0.000000,0.000000,0.000000,,,,,,,,,,,,,,,
44,0.366667,0.000000,0.000000,0.000000,1.000000,0.000000,0.000000,0.000000,,,,,,,,,,,,,,,
45,0.375000,0.000000,0.000000,0.000000,1.000000,0.000000,0.000000,0.000000,,,,,,,,,,,,,,,
46,0.383333,0.000000,0.000000,0.000000,1.000000,0.000000,0.000000,0.000000,,,,,,,,,,,,,,,
47,0.391667,0.000000,0.000000,0.000000,1.000000,0.000000,0.000000,0.000000,,,,,,,,,,,,,,,
48,0.400000,0.000000,0.000000,0.000000,1.000000,0.000000,0.000000,0.000000,,,,,,,,,,,,,,,
49,0.408333,0.000000,0.000000,0.000000,1.000000,0.000000,0.000000,0.000000,,,,,,,,,,,,,,,
50,0.416667,0.000000,0.000000,0.000000,1.000000,0.000000,0.000000,0.000000,,,,,,,,,,,,,,,
51,0.425000,0.000000,0.000000,0.000000,1.000000,0.000000,0.000000,0.000000,,,,,,,,,,,,,,,
52,0.433333,0.000000,0.000000,0.000000,1.000000,0.000000,0.000000,0.000000,,,,,,,,,,,,,,,
53,0.441667,0.000000,0.000000,0.000000,1.000000,0.000000,0.000000,0.000000,,,,,,,,,,,,,,,
54,0.450000,0.000000,0.000000,0.000000,1.000000,0.000000,0.000000,0.000000,,,,,,,,,,,,,,,
55,0.458333,0.000000,0.000000,0.000000,1.000000,0.000000,0.000000,0.000000,,,,,,,,,,,,,,,
56,0.466667,0.000000,0.000000,0.000000,1.000000,0.000000,0.000000,0.000000,,,,,,,,,,,,,,,
57,0.475000,0.000000,0.000000,0.000000,1.000000,0.000000,0.000000,0.000000,,,,,,,,,,,,,,,
58,0.483333,0.000000,0.000000,0.000000,1.000000,0.000000,0.000000,0.000000,,,,,,,,,,,,,,,
59,0.491667,0.000000,0.000000,0.000000,1.000000,0.000000,0.000000,0.000000,,,,,,,,,,,,,,,
60,0.500000,0.000000,0.000000,0.000000,1.000000,0.000000,0.000000,0.000000,,,,,,,,,,,,,,,
61,0.508333,0.000000,0.000000,0.000000,1.000000,0.000000,0.000000,0.000000,,,,,,,,,,,,,,,
62,0.516667,0.000000,0.000000,0.000000,1.000000,0.000000,0.000000,0.000000,,,,,,,,,,,,,,,
63,0.525000,0.000000,0.000000,0.000000,1.000000,0.000000,0.000000,0.000000,,,,,,,,,,,,,,,
64,0.533333,0.000000,0.000000,0.000000,1.000000,0.000000,0.000000,0.000000,,,,,,,,,,,,,,,
65,0.541667,0.000000,0.000000,0.000000,1.000000,0.000000,0.000000,0.000000,,,,,,,,,,,,,,,
66,0.550000,0.000000,0.000000,0.000000,1.000000,0.000000,0.000000,0.000000,,,,,,,,,,,,,,,
67,0.558333,0.000000,0.000000,0.000000,1.000000,0.000000,0.000000,0.000000,,,,,,,,,,,,,,,
68,0.566667,0.000000,0.000000,0.000000,1.000000,0.000000,0.000000,0.000000,,,,,,,,,,,,,,,
69,0.575000,0.000000,0.000000,0.000000,1.000000,0.000000,0.000000,0.000000,,,,,,,,,,,,,,,
70,0.583333,0.000000,0.000000,0.000000,1.000000,0.000000,0.000000,0.000000,,,,,,,,,,,,,,,
71,0.591667,0.000000,0.000000,0.000000,1.000000,0.000000,0.000000,0.000000,,,,,,,,,,,,,,,
72,0.600000,0.000000,0.000000,0.000000,1.000000,0.000000,0.000000,0.000000,,,,,,,,,,,,,,,
73,0.608333,0.000000,0.000000,0.000000,1.000000,0.000000,0.000000,0.000000,,,,,,,,,,,,,,,
74,0.616667,0.000000,0.000000,0.000000,1.000000,0.000000,0.000000,0.000000,,,,,,,,,,,,,,,
75,0.625000,0.000000,0.000000,0.000000,1.000000,0.000000,0.000000,0.000000,,,,,,,,,,,,,,,
76,0.633333,0.000000,0.000000,0.000000,1.000000,0.000000,0.000000,0.000000,,,,,,,,,,,,,,,
77,0.641667,0.000000,0.000000,0.000000,1.000000,0.000000,0.000000,0.000000,,,,,,,,,,,,,,,
78,0.650000,0.000000,0.000000,0.000000,1.000000,0.000000,0.000000,0.000000,,,,,,,,,,,,,,,
79,0.658333,0.000000,0.000000,0.000000,1.000000,0.000000,0.000000,0.000000,,,,,,,,,,,,,,,
80,0.666667,0.000000,0.000000,0.000000,1.000000,0.000000,0.000000,0.000000,,,,,,,,,,,,,,,
81,0.675000,0.000000,0.000000,0.000000,1.000000,0.000000,0.000000,0.000000,,,,,,,,,,,,,,,
82,0.683333,0.000000,0.000000,0.000000,1.000000,0.000000,0.000000,0.000000,,,,,,,,,,,,,,,
83,0.691667,0.000000,0.000000,0.000000,1.000000,0.000000,0.000000,0.000000,,,,,,,,,,,,,,,
84,0.700000,0.000000,0.000000,0.000000,1.000000,0.000000,0.000000,0.000000,,,,,,,,,,,,,,,
85,0.708333,0.000000,0.000000,0.000000,1.000000,0.000000,0.000000,0.000000,,,,,,,,,,,,,,,
86,0.716667,-0.048393,0.012525,-0.007343,0.998723,-1119.850464,1560.915771,34.504105,-1096.375610,1567.098267,136.460739,-1155.761597,1539.445435,-110.120110,-1296.837036,1571.281616,57.146900,-1119.930908,1568.469360,36.673302,-1130.282349,1573.490723,180.777328
87,0.725000,-0.056373,0.003548,-0.006962,0.998379,-1065.800293,1569.938354,33.549534,-1044.672241,1577.606079,135.874008,-1099.502808,1546.763794,-111.140221,-1243.482178,1580.300659,52.794212,-1066.192383,1576.967651,35.524216,-1078.381104,1585.352905,179.393860
88,0.733333,-0.062955,-0.004803,-0.007315,0.997978,-1012.326721,1577.659668,32.908314,-993.096130,1586.526978,135.418747,-1042.793701,1552.445312,-111.846588,-1190.435059,1588.239380,49.164742,-1012.763855,1584.699707,34.527302,-1027.266968,1594.996582,178.266281
89,0.741667,-0.066610,-0.014195,-0.007319,0.997651,-958.874573,1584.237549,32.716728,-941.649231,1594.189087,135.026001,-986.616089,1557.691284,-112.261559,-1137.247437,1594.748535,45.580662,-959.697327,1591.473877,34.081326,-976.817810,1602.369507,177.102997
90,0.750000,-0.070553,-0.023085,-0.005366,0.997226,-905.865906,1590.173828,32.631042,-890.314026,1601.028564,134.837769,-931.054688,1562.619141,-113.119507,-1084.393921,1599.821167,42.258904,-906.874817,1597.157104,34.086544,-926.504456,1609.856323,176.514832
91,0.758333,-0.073423,-0.031327,-0.004062,0.996800,-852.786072,1595.133545,32.091164,-839.075439,1606.698364,134.488052,-875.293335,1566.732300,-113.545357,-1031.562622,1604.207031,38.804600,-853.828735,1602.034424,33.366520,-875.736206,1615.565674,175.488892
92,0.766667,-0.075900,-0.039915,-0.004070,0.996308,-799.805359,1599.140625,31.809483,-787.992065,1611.120605,134.357590,-819.616943,1569.800537,-114.098808,-978.593323,1608.052734,35.482285,-801.008667,1606.163086,32.828083,-825.365112,1620.193726,174.739471
93,0.775000,-0.076924,-0.048661,-0.003254,0.995843,-747.102356,1602.296021,31.509209,-737.064941,1614.803955,134.404907,-764.618896,1572.794067,-114.379990,-925.885925,1610.698975,32.062996,-748.347412,1609.242554,32.494873,-775.159363,1623.531982,173.833618
94,0.783333,-0.078136,-0.055291,-0.001846,0.995407,-694.941040,1605.154053,31.385445,-686.281738,1617.925537,134.159760,-709.897217,1575.134521,-114.622536,-874.015381,1612.907715,29.519983,-696.062439,1611.983276,32.546600,-724.585510,1626.737427,173.044205
95,0.791667,-0.079455,-0.063027,-0.002717,0.994840,-642.655701,1607.159302,31.387571,-635.403625,1619.806763,134.353455,-655.125488,1576.524902,-114.934067,-821.657043,1615.032471,26.771255,-643.712463,1614.137817,32.406834,-674.762573,1629.199463,172.648392
96,0.800000,-0.079593,-0.070807,-0.002783,0.994306,-590.474121,1608.486572,31.316883,-584.525757,1621.869385,134.339493,-600.858276,1577.887695,-115.231964,-769.292236,1616.188721,23.977165,-591.548157,1615.328735,32.294350,-625.161926,1630.289307,172.297638
97,0.808333,-0.079897,-0.077567,-0.002130,0.993778,-538.459534,1609.377686,31.227835,-533.960754,1622.737915,134.252579,-546.891052,1578.698120,-115.284737,-717.194519,1616.645630,21.479918,-539.354126,1616.179199,32.310215,-575.091858,1631.277954,171.636993
98,0.816667,-0.079292,-0.084595,-0.002904,0.993251,-486.456451,1609.565063,31.371098,-483.898621,1622.637573,134.731339,-492.967590,1579.052979,-115.378609,-664.945801,1616.884155,19.143356,-487.453125,1616.468872,32.299572,-524.930603,1631.335938,171.329330
99,0.825000,-0.078749,-0.091006,-0.001794,0.992730,-434.858612,1609.384521,31.524870,-433.677734,1622.366821,134.915497,-439.455627,1578.950806,-115.332680,-613.223938,1616.123413,16.995594,-435.822083,1616.289185,32.536491,-475.079132,1630.886963,171.171448
100,0.833333,-0.077647,-0.096623,-0.001605,0.992287,-383.260162,1608.752808,31.862705,-383.070129,1621.739868,135.079407,-386.348480,1578.563354,-115.230095,-561.415344,1615.270142,15.329636,-384.467804,1615.732910,32.854393,-425.278534,1629.816650,170.737015
101,0.841667,-0.075967,-0.102320,-0.000624,0.991846,-331.889496,1607.940063,32.010147,-332.809814,1620.685303,135.246231,-333.559296,1578.269653,-115.299973,-509.822021,1613.946045,13.465302,-333.229889,1614.918945,32.995251,-375.516083,1628.403076,170.829346
102,0.850000,-0.074067,-0.108346,0.002381,0.991347,-280.286377,1606.683228,32.424622,-282.609833,1618.972168,135.584503,-280.429382,1577.510254,-114.977676,-457.861938,1611.436157,11.858139,-281.848541,1613.713013,33.330837,-325.701630,1626.424805,170.703735
103,0.858333,-0.072354,-0.112409,0.001007,0.991024,-229.479523,1605.084595,32.781124,-232.557526,1617.314087,136.061630,-228.037933,1576.450439,-114.975052,-406.859589,1610.222778,10.659547,-231.096664,1611.979126,33.895821,-275.774506,1624.437988,170.684860
104,0.866667,-0.069747,-0.115762,0.001052,0.990825,-178.700974,1603.187866,33.157745,-182.489090,1615.146118,136.450256,-176.060669,1575.402100,-114.688217,-356.049225,1608.253662,9.848582,-180.361313,1609.969971,34.285976,-225.800171,1621.748169,170.880356
105,0.875000,-0.066361,-0.118941,0.001211,0.990680,-128.206940,1601.072388,33.586487,-132.648392,1612.115845,136.887421,-124.723831,1574.115479,-114.510597,-305.404175,1606.020996,9.286366,-129.553207,1607.940918,34.892601,-176.601959,1618.609497,171.060883
106,0.883333,-0.063287,-0.122653,0.003569,0.990423,-77.350098,1599.055298,34.015858,-82.774956,1609.163696,137.771210,-72.920593,1572.731323,-114.147232,-254.337784,1603.097534,8.398617,-78.718498,1606.132812,35.545868,-126.465706,1615.446289,171.465225
107,0.891667,-0.059901,-0.124197,0.003802,0.990441,-27.118347,1596.692993,34.396317,-32.892109,1605.901001,138.177597,-21.878191,1571.286255,-113.636780,-204.209900,1600.664673,8.347061,-28.175514,1603.825806,35.812866,-76.853844,1612.074829,171.887421
108,0.900000,-0.054842,-0.126644,0.006212,0.990412,23.145832,1594.444946,35.166340,17.007881,1602.510132,138.719589,28.749758,1570.021606,-113.116783,-153.815277,1597.571777,8.339306,21.975258,1601.977173,36.690392,-27.539621,1607.880371,172.456650
109,0.908333,-0.049228,-0.127699,0.007510,0.990562,72.922661,1591.762451,35.658436,66.633415,1598.765503,139.666382,79.517380,1569.055054,-112.717247,-104.050819,1594.461670,8.526527,71.981194,1599.264160,37.414764,22.165173,1603.518188,173.137024
110,0.916667,-0.044205,-0.129827,0.008468,0.990515,123.015953,1589.196899,36.650784,116.095604,1595.661743,140.428543,129.720520,1567.890381,-112.180946,-53.817276,1591.582520,8.804919,121.689201,1596.569336,38.310177,71.573830,1599.205688,173.912613
111,0.925000,-0.038685,-0.130676,0.009884,0.990621,172.805313,1586.466553,37.455795,165.507782,1591.026367,141.369568,179.219574,1566.933228,-111.370049,-4.020107,1588.341919,9.268649,171.322800,1593.824097,39.181984,121.448914,1595.228394,174.814453
112,0.933333,-0.031473,-0.130305,0.011949,0.990902,222.082672,1583.880615,38.159416,214.807404,1587.050049,142.189255,229.594864,1566.644653,-110.831001,45.128269,1585.091675,10.237144,220.838394,1590.982666,40.191864,170.989349,1590.575439,175.758591
113,0.941667,-0.024057,-0.130553,0.013838,0.991053,271.311829,1581.222290,39.164639,264.216003,1582.736328,143.328140,278.959473,1566.137329,-110.071793,94.350784,1581.815430,11.214635,269.980560,1588.326050,41.297089,220.163406,1585.739868,176.790283
114,0.950000,-0.015984,-0.130166,0.015853,0.991237,320.290161,1578.493286,40.136204,313.242889,1578.617310,144.352600,327.664734,1565.725952,-109.413544,143.340607,1578.459717,12.420470,319.031677,1585.566650,42.391903,269.148193,1580.367188,178.186508
115,0.958333,-0.008491,-0.130322,0.016231,0.991303,369.280762,1575.570068,41.404152,362.302765,1574.119263,145.536514,376.175140,1564.999512,-108.621193,192.550659,1575.431641,13.739141,367.996674,1582.660889,43.738403,317.778900,1575.329712,179.178680
116,0.966667,0.000519,-0.128675,0.018468,0.991515,417.976562,1572.791748,42.558342,411.329712,1569.485474,146.740173,424.169586,1564.932007,-107.288826,240.960846,1571.957764,15.431515,416.532532,1579.780640,44.999809,367.318542,1569.848511,180.513641
117,0.975000,0.010386,-0.127206,0.020832,0.991603,466.402313,1570.315674,43.726273,460.123016,1564.731812,147.974747,472.545349,1565.394775,-106.260971,289.323120,1568.696533,17.163790,465.116821,1577.212891,46.423416,416.285889,1564.470703,182.114731
118,0.983333,0.021799,-0.125817,0.023326,0.991540,514.983765,1567.699951,45.254475,508.923340,1559.824097,149.472198,520.569946,1566.182129,-104.810974,337.786987,1565.265869,19.178040,513.559631,1574.448853,48.216209,465.573364,1558.546631,183.288300
119,0.991667,0.032504,-0.124046,0.026550,0.991388,563.040466,1565.231689,46.932716,557.402710,1555.380005,150.595337,568.029785,1566.880737,-103.405144,386.008087,1561.687378,21.445471,561.198486,1571.809937,49.965229,514.242981,1552.808716,185.034607
120,1.000000,0.045202,-0.118752,-0.004335,0.991885,609.195984,1562.271362,48.291679,606.148499,1550.609131,152.255371,615.155884,1568.039429,-101.656807,,,,609.774963,1569.023682,51.827351,563.008667,1546.794556,186.707825
121,1.008333,0.056336,-0.120744,0.032410,0.990554,658.729614,1560.701782,50.398487,654.481506,1545.811035,153.962555,662.418213,1569.191650,-99.384697,481.290283,1555.173096,25.877295,656.790161,1567.208130,53.819496,611.521790,1541.114502,188.182449
122,1.016667,0.068869,-0.118099,0.037481,0.989902,705.481018,1558.820435,52.050293,703.129211,1541.038574,155.570847,709.244263,1571.107910,-97.340996,528.758667,1552.330933,28.641741,704.900391,1565.058594,55.778908,659.971741,1535.383423,189.773483
123,1.025000,0.082152,-0.116843,0.037585,0.989033,753.820190,1557.062378,54.891556,750.593018,1537.959839,157.098648,755.947693,1572.923950,-94.466209,576.320435,1549.741699,31.571068,751.577271,1563.346191,58.463333,708.078674,1529.508667,191.421402
124,1.033333,0.096390,-0.111006,0.042192,0.988234,800.517456,1555.521484,56.575386,799.092712,1532.509277,158.945236,801.494141,1575.368774,-91.894218,622.803772,1546.343506,35.219696,799.087524,1561.866821,60.648979,756.640686,1523.958130,193.231857
125,1.041667,0.109657,-0.108514,0.044932,0.987006,846.515015,1553.916992,58.975193,846.449524,1528.151733,160.531845,847.126099,1577.782471,-88.913437,669.775452,1543.703247,38.278023,845.925232,1559.809204,63.586937,804.611328,1518.468262,195.245316
126,1.050000,0.124081,-0.107157,0.047711,0.985315,894.272034,1552.561279,61.961143,893.971802,1524.306763,162.500061,893.100342,1580.711792,-85.123283,716.535522,1541.317627,41.405029,892.379517,1558.109985,66.480377,852.399292,1513.213867,197.039749
127,1.058333,0.138762,-0.103494,0.050013,0.983632,940.939514,1551.349487,64.936302,942.492065,1520.139160,164.862045,938.633667,1583.415771,-81.291969,763.128235,1539.106445,45.453976,939.009277,1557.139893,69.411118,900.119446,1507.677856,199.139633
128,1.066667,0.152830,-0.101031,0.053232,0.981632,987.291931,1550.389648,68.131264,989.217285,1516.451172,167.075882,983.953186,1586.439453,-76.994049,809.479736,1536.889771,49.146435,985.342957,1555.897583,72.877258,947.890808,1502.531372,201.517014
129,1.075000,0.167506,-0.096644,0.056296,0.979506,1032.802856,1549.717041,71.369225,1035.848511,1512.948242,169.572205,1028.016968,1589.870972,-72.811920,855.071167,1534.826172,53.645088,1031.443848,1555.096436,76.334328,994.902100,1497.540283,203.782532
130,1.083333,0.182756,-0.093806,0.059997,0.976832,1078.967041,1549.055420,74.954163,1082.765503,1509.609741,171.974976,1072.461792,1593.550049,-67.912193,901.342529,1532.672363,57.711514,1077.504395,1553.957153,80.178001,1042.469849,1492.554321,205.988617
131,1.091667,0.197176,-0.092206,0.062429,0.974024,1124.710449,1548.094482,79.525856,1128.877930,1506.001343,174.995071,1116.497437,1596.602417,-62.336086,947.326172,1530.715210,62.399395,1122.715698,1553.177002,84.506859,1088.873047,1487.721191,208.816544
132,1.100000,0.212892,-0.087532,0.065174,0.970962,1169.576294,1547.660278,83.485146,1175.995361,1502.391357,177.757263,1160.289062,1600.195923,-56.475456,991.998718,1528.950928,67.415535,1167.613770,1552.527466,89.115669,1135.898071,1483.037964,211.206055
133,1.108333,0.227857,-0.085434,0.066412,0.967663,1215.408936,1546.789917,88.414429,1222.160156,1499.034180,181.058136,1203.903931,1603.517456,-50.089027,1038.030762,1527.439331,72.627022,1212.996094,1551.623291,93.666039,1182.552368,1478.456665,213.901428
134,1.116667,0.242667,-0.081440,0.068908,0.964226,1259.769409,1546.453003,92.996407,1268.128906,1496.048340,184.365707,1247.285645,1607.183472,-43.501736,1082.419312,1525.803223,78.106873,1257.938354,1550.871948,98.698135,1228.448242,1473.929565,217.003021
135,1.125000,0.257068,-0.079385,0.070296,0.960558,1304.598145,1545.830688,98.219833,1313.301636,1492.833862,188.114609,1291.014038,1610.365479,-36.415096,1127.300415,1524.466187,83.547180,1302.626831,1550.144409,103.961647,1274.533691,1469.523438,220.112366
136,1.133333,0.271984,-0.076340,0.072170,0.956550,1349.185913,1545.227173,103.812614,1358.899658,1489.695190,191.734329,1334.497681,1613.813965,-29.029673,1171.958374,1522.878418,89.558334,1346.881348,1549.339355,109.681480,1320.640747,1465.321899,223.417801
137,1.141667,0.286252,-0.073211,0.073772,0.952501,1392.599243,1544.819702,109.393517,1403.862671,1486.594604,196.040176,1377.296631,1617.085083,-21.130217,1215.425537,1521.479980,95.720932,1390.991821,1548.588989,115.580315,1365.331787,1461.024536,227.113907
138,1.150000,0.299675,-0.071155,0.074231,0.948484,1437.304321,1543.906250,115.682495,1448.988281,1483.571167,200.201263,1419.964111,1619.405884,-12.637852,1260.159058,1520.187012,102.174995,1434.985352,1547.781616,121.744431,1411.065186,1456.949585,230.976990
139,1.158333,0.312989,-0.068340,0.075195,0.944306,1480.564941,1543.287598,121.890633,1493.425293,1480.443604,204.829346,1462.300171,1622.029907,-3.987762,1303.433472,1518.852661,108.822868,1478.562378,1546.941895,128.234955,1455.660400,1452.702881,235.290466
140,1.166667,0.326116,-0.066512,0.075483,0.939961,1524.385620,1542.086304,128.938950,1537.102905,1477.371094,209.994888,1504.958618,1624.537720,4.865283,1347.439209,1517.237183,116.081772,1522.110840,1545.671021,135.035370,1500.145142,1448.733765,239.569077
141,1.175000,0.338950,-0.064739,0.075217,0.935556,1567.796753,1540.834961,135.909103,1581.331909,1474.161865,214.933701,1547.080933,1626.404419,14.211261,1390.890625,1515.827881,123.192421,1565.439453,1544.248413,142.155075,1544.278687,1444.554443,244.079788
142,1.183333,0.351056,-0.061937,0.074734,0.931310,1610.765015,1539.466797,142.978302,1625.070923,1470.614990,220.576218,1589.674194,1627.957031,23.690527,1433.806763,1514.144531,130.920502,1608.669067,1542.807983,149.288208,1588.355957,1440.212036,248.881866
143,1.191667,0.362880,-0.060504,0.074140,0.926909,1653.270264,1537.796875,150.507202,1668.322266,1467.342041,226.214584,1631.420288,1629.276001,33.517471,1476.324707,1512.421997,138.576508,1651.422485,1540.765747,157.069366,1631.340576,1435.760620,254.070755
144,1.200000,0.373883,-0.058816,0.074053,0.922642,1696.047241,1535.883545,158.345749,1711.080688,1463.745239,232.249008,1673.053589,1629.897583,43.752308,1519.125610,1510.268921,146.568130,1693.967773,1538.795044,164.809830,1675.044067,1431.487793,259.540466
145,1.208333,0.384744,-0.058172,0.072720,0.918314,1738.743774,1533.457397,166.512634,1754.169556,1459.775024,238.399078,1715.340576,1630.103516,54.035957,1561.775635,1508.168457,154.680908,1736.376099,1536.279419,173.079849,1718.056152,1426.964844,265.149719
146,1.216667,0.394908,-0.055227,0.071929,0.914234,1780.215454,1531.407471,174.317413,1796.595703,1455.701294,245.080933,1756.728394,1630.236816,64.586411,1603.147095,1505.832397,163.246307,1779.035889,1533.718506,181.138901,1760.764282,1422.228638,271.126160
147,1.225000,0.405028,-0.055032,0.070950,0.909884,1822.782593,1528.431641,183.058502,1839.014282,1451.179077,252.038116,1798.398315,1629.707520,75.412666,1645.756104,1503.106934,171.783447,1821.052734,1530.852295,189.807571,1803.455688,1417.338867,277.381439
148,1.233333,0.415008,-0.054839,0.069324,0.905514,1864.810791,1525.064941,192.073853,1881.140625,1446.848511,259.035400,1839.929810,1629.077637,86.387840,1687.881592,1500.159058,180.714737,1862.812988,1527.432251,198.744476,1845.058350,1412.185791,283.889008
149,1.241667,0.423744,-0.054259,0.067982,0.901596,1906.323486,1521.833374,200.894653,1922.803467,1441.975952,266.421509,1881.489868,1627.655640,97.565613,1729.254517,1497.223267,189.592865,1904.697876,1523.933105,207.691925,1887.129883,1406.973267,290.769409
150,1.250000,0.432754,-0.054080,0.066520,0.897426,1947.652344,1517.941895,210.124695,1964.436768,1436.924683,274.023254,1922.867310,1625.841187,108.922997,1770.489868,1493.727295,198.751785,1946.008789,1519.864258,217.013321,1928.540649,1401.314453,297.701691
151,1.258333,0.440987,-0.054684,0.064688,0.893507,1989.189209,1513.778198,219.607697,2005.604980,1431.562744,281.887238,1964.505493,1623.455322,120.479408,1811.966797,1490.208252,208.005997,1987.589600,1515.649170,226.544418,1969.970215,1395.420044,305.071228
152,1.266667,0.448925,-0.055234,0.062576,0.889663,2030.527344,1509.070923,229.377457,2046.500000,1425.793579,290.143097,2005.627441,1620.581055,132.276825,1853.258911,1486.229248,217.618362,2028.683472,1510.948242,236.224655,2011.036621,1389.426758,312.658020
153,1.275000,0.456960,-0.055697,0.061149,0.885633,2071.341553,1504.051270,239.319885,2087.203857,1419.646729,298.655762,2046.768921,1617.379150,144.273438,1894.023804,1481.664917,227.359482,2069.686523,1505.766968,246.210190,2051.713867,1382.977417,320.376343
154,1.283333,0.464491,-0.057683,0.058332,0.881770,2112.706299,1498.426758,249.454422,2127.777100,1413.222778,307.264343,2088.115967,1613.816040,156.124481,1935.653931,1477.252686,237.018311,2110.574219,1500.278076,256.204498,2092.025391,1376.073730,328.344543
155,1.291667,0.471625,-0.058670,0.056229,0.878047,2153.554199,1492.681396,259.598633,2168.762939,1406.454712,315.618927,2129.248291,1609.407349,168.406342,1976.136719,1472.385742,246.864838,2151.324707,1494.315186,266.473297,2132.797363,1369.307129,336.612732
156,1.300000,0.478428,-0.060335,0.054282,0.874368,2194.014893,1486.391968,269.964020,2208.814697,1399.097290,324.817352,2170.179443,1604.733643,180.558609,2016.640869,1466.911255,256.815094,2191.899658,1488.033081,276.799988,2172.494629,1361.812256,344.984802
157,1.308333,0.485066,-0.062387,0.052408,0.870673,2233.717773,1479.789551,280.300629,2248.770020,1391.552734,334.017181,2211.481201,1599.558350,193.004272,2057.141113,1461.053467,266.809357,2232.373535,1481.169434,287.320251,2212.304443,1353.960693,353.509766
158,1.316667,0.491907,-0.064963,0.049783,0.866792,2274.745361,1472.498169,291.204926,2288.404785,1383.546143,343.433624,2252.397217,1593.956055,205.579605,2097.240479,1455.230347,276.886932,2272.565918,1473.878906,298.029907,2251.839355,1345.795776,362.128540
159,1.325000,0.498522,-0.067808,0.047121,0.862936,2314.218994,1465.163696,301.957855,2327.821289,1375.163696,352.974152,2293.291748,1587.817383,218.373962,2137.635986,1449.095093,287.222168,2312.798340,1466.348022,309.100647,2291.076904,1337.206177,370.894012
160,1.333333,0.504291,-0.070565,0.044958,0.859471,2354.079590,1457.458008,312.731354,2367.193115,1366.285767,362.625732,2334.597900,1581.473145,231.038528,2177.024170,1442.491089,297.291016,2353.005127,1458.156128,319.839142,2330.303467,1328.710693,380.047302
161,1.341667,0.510639,-0.073879,0.041644,0.855603,2393.857910,1448.694214,323.925964,2406.404785,1357.033569,372.403351,2375.339600,1574.216675,244.099808,2216.672363,1435.399292,307.825531,2392.196777,1449.294434,331.000397,2368.667969,1319.182373,389.145630
162,1.350000,0.515896,-0.077545,0.039609,0.852215,2433.773926,1440.005371,335.184265,2445.009766,1347.552490,382.574310,2416.448486,1566.558594,257.083008,2256.349365,1427.954224,318.149536,2432.225098,1440.551636,342.156921,2407.558838,1309.964478,398.580109
163,1.358333,0.521721,-0.081756,0.037081,0.848380,2473.358643,1430.657715,346.679565,2483.827881,1337.381104,392.694763,2457.412354,1558.557495,270.148834,2295.807861,1420.224487,328.618835,2471.676270,1430.940918,353.787354,2445.803223,1299.778931,408.018097
164,1.366667,0.527120,-0.086201,0.034241,0.844714,2513.068848,1420.670410,358.265656,2522.360596,1327.003296,403.184540,2498.209229,1549.918335,283.576294,2335.744141,1411.998901,339.185822,2511.055908,1420.955078,365.120331,2484.003662,1289.106812,417.765625
165,1.375000,0.533015,-0.090532,0.031576,0.840656,2552.517090,1410.440186,370.040894,2560.679199,1316.011841,413.546204,2538.976074,1540.771851,296.977692,2375.022461,1403.400269,350.039825,2550.340820,1410.852295,377.031891,2522.003418,1278.504639,427.096100
166,1.383333,0.538460,-0.095348,0.030322,0.836690,2591.270508,1399.904907,381.760010,2598.564453,1304.549805,424.266144,2579.858154,1531.248169,310.463074,2413.657227,1394.051025,360.395721,2589.557129,1400.108276,388.618347,2559.373291,1267.054199,436.739288
167,1.391667,0.543153,-0.100970,0.025954,0.833136,2630.784180,1388.433594,393.589417,2636.482910,1292.883057,435.024902,2620.576660,1520.924561,323.916351,2453.470215,1385.159912,371.295807,2628.560303,1388.768555,400.379517,2596.807373,1255.415161,446.610809
168,1.400000,0.547085,-0.105337,0.021025,0.830157,2669.669922,1376.737183,405.460052,2673.868896,1280.057739,445.681244,2661.426025,1509.811157,337.119995,2492.119873,1375.835205,382.784912,2667.481689,1377.114502,412.357910,2634.265381,1243.396362,456.982788
169,1.408333,0.550967,-0.111373,0.018569,0.826853,2708.598877,1364.193970,417.731659,2711.645264,1267.595459,456.443939,2702.217041,1498.476685,350.803894,2531.180908,1365.466919,393.499481,2706.154297,1364.752930,424.496918,2671.388916,1231.367432,467.528259
170,1.416667,0.554774,-0.117615,0.016399,0.823483,2746.380127,1352.094238,429.680328,2749.200439,1254.787842,467.752502,2742.795410,1486.804443,364.520966,2569.874268,1355.096313,404.170349,2744.931152,1352.160400,436.657013,2708.128418,1218.528442,477.960358
171,1.425000,0.557131,-0.124093,0.014212,0.820978,2784.117432,1340.166870,441.976074,2786.257812,1241.093994,478.978210,2783.533691,1474.670166,378.228058,2607.187012,1345.478027,414.668396,2783.582520,1339.094116,448.977783,2745.659424,1208.048340,489.879395
172,1.433333,0.561402,-0.130730,0.008541,0.817107,2821.694580,1326.865356,454.134827,2823.173096,1227.161133,490.384430,2823.940186,1461.614990,392.226105,2643.565430,1336.046143,425.406250,2821.979492,1325.564087,461.526855,2781.886963,1193.009521,500.533112
173,1.441667,0.564190,-0.135265,0.001483,0.814488,2859.672363,1312.193848,467.063690,2860.019043,1212.828979,502.606873,2864.731201,1448.005737,405.911560,2678.922119,1325.291504,437.701782,2860.191162,1311.364624,473.975189,2818.558594,1179.630249,511.917816
174,1.450000,0.569308,-0.107496,-0.050191,0.813520,2899.651367,1296.391846,479.267761,2896.410889,1197.283569,513.414429,2905.480225,1434.137207,420.163086,,,,2898.375000,1296.776855,486.678925,2854.456543,1165.762085,522.743591
175,1.458333,0.572828,-0.108903,-0.062341,0.810013,2938.033203,1281.310669,492.075104,2932.995850,1182.278320,525.449890,2946.074707,1419.793945,434.489746,,,,2936.404297,1281.681274,499.500122,2890.366211,1151.193359,533.978821
176,1.466667,0.575714,-0.112514,-0.070635,0.806787,2976.054932,1265.556030,504.985565,2969.149170,1166.167236,537.287842,2986.193604,1404.307495,448.653534,,,,2974.354736,1266.143433,512.467407,2926.261719,1136.271118,545.277954
177,1.475000,0.578451,-0.119273,-0.075966,0.803366,3013.897949,1249.645508,518.086548,3005.206299,1149.769165,549.513306,3026.690430,1388.910278,462.962311,,,,3012.047852,1250.129150,525.592102,2961.921631,1120.845703,557.052612
178,1.483333,0.578205,-0.100729,-0.121276,0.800515,3051.169189,1232.770630,531.685364,3041.337646,1133.584961,561.883118,3066.941162,1372.615845,477.772034,,,,3049.578857,1233.425537,538.855469,,,
179,1.491667,0.578150,-0.084011,-0.162663,0.795126,3088.773682,1215.843506,545.426208,3077.168213,1116.747070,574.782776,3107.350098,1356.240967,492.775909,,,,3087.329102,1216.661133,552.378784,,,
180,1.500000,0.582076,-0.093911,-0.163586,0.790954,3125.520996,1198.992432,558.756348,3112.894531,1099.262817,587.359253,3147.698242,1339.179810,507.865540,,,,3124.621338,1199.278931,565.949768,,,
181,1.508333,0.583986,-0.088075,-0.189794,0.784335,3163.239990,1180.924194,572.635315,3147.239990,1081.887451,599.398926,3187.819336,1321.580811,522.962708,,,,3161.963379,1181.331787,579.826660,,,
182,1.516667,0.589308,-0.094518,-0.194937,0.778320,3199.577393,1162.515015,585.860657,,,,3227.780273,1303.300781,538.437683,,,,3198.929443,1163.150635,593.599182,,,
183,1.525000,0.593179,-0.097561,-0.207147,0.771823,3237.178223,1143.234375,600.035583,,,,3267.703369,1284.334351,554.179443,,,,3235.929688,1144.413452,607.504700,,,
184,1.533333,0.597186,-0.105102,-0.211672,0.766497,3274.256348,1124.016113,614.290222,,,,3307.651367,1265.094849,570.141907,,,,3272.943359,1125.068848,621.786194,,,
185,1.541667,0.600586,-0.112127,-0.215871,0.761658,3311.144775,1104.365479,628.664673,,,,3347.180420,1245.291016,586.048340,,,,3309.781006,1105.351318,636.166626,,,
186,1.550000,0.603988,-0.119259,-0.220171,0.756638,3348.080811,1084.154907,643.470215,,,,3386.763184,1224.750977,602.477112,,,,3346.697021,1085.188110,650.937256,,,
187,1.558333,0.605738,-0.125069,-0.223719,0.753252,3385.361328,1063.493896,659.113831,,,,3426.169678,1203.722412,619.080872,,,,3383.957031,1064.544434,666.565186,,,
188,1.566667,0.607112,-0.129714,-0.226543,0.750511,3415.186279,1046.964844,671.628784,,,,,,,,,,,,,,,
189,1.575000,0.607112,-0.129714,-0.226543,0.750511,3415.186279,1046.964844,671.628784,,,,,,,,,,,,,,,
190,1.583333,0.607112,-0.129714,-0.226543,0.750511,3415.186279,1046.964844,671.628784,,,,,,,,,,,,,,,
191,1.591667,0.607112,-0.129714,-0.226543,0.750511,3415.186279,1046.964844,671.628784,,,,,,,,,,,,,,,
192,1.600000,0.607112,-0.129714,-0.226543,0.750511,3415.186279,1046.964844,671.628784,,,,,,,,,,,,,,,
193,1.608333,0.607112,-0.129714,-0.226543,0.750511,3415.186279,1046.964844,671.628784,,,,,,,,,,,,,,,
194,1.616667,0.607112,-0.129714,-0.226543,0.750511,3415.186279,1046.964844,671.628784,,,,,,,,,,,,,,,
195,1.625000,0.607112,-0.129714,-0.226543,0.750511,3415.186279,1046.964844,671.628784,,,,,,,,,,,,,,,
196,1.633333,0.607112,-0.129714,-0.226543,0.750511,3415.186279,1046.964844,671.628784,,,,,,,,,,,,,,,
197,1.641667,0.607112,-0.129714,-0.226543,0.750511,3415.186279,1046.964844,671.628784,,,,,,,,,,,,,,,
198,1.650000,0.607112,-0.129714,-0.226543,0.750511,3415.186279,1046.964844,671.628784,,,,,,,,,,,,,,,
199,1.658333,0.607112,-0.129714,-0.226543,0.750511,3415.186279,1046.964844,671.628784,,,,,,,,,,,,,,,
200,1.666667,0.607112,-0.129714,-0.226543,0.750511,3415.186279,1046.964844,671.628784,,,,,,,,,,,,,,,
201,1.675000,0.607112,-0.129714,-0.226543,0.750511,3415.186279,1046.964844,671.628784,,,,,,,,,,,,,,,
202,1.683333,0.607112,-0.129714,-0.226543,0.750511,3415.186279,1046.964844,671.628784,,,,,,,,,,,,,,,
203,1.691667,0.607112,-0.129714,-0.226543,0.750511,3415.186279,1046.964844,671.628784,,,,,,,,,,,,,,,
204,1.700000,0.607112,-0.129714,-0.226543,0.750511,3415.186279,1046.964844,671.628784,,,,,,,,,,,,,,,
205,1.708333,0.607112,-0.129714,-0.226543,0.750511,3415.186279,1046.964844,671.628784,,,,,,,,,,,,,,,
206,1.716667,0.607112,-0.129714,-0.226543,0.750511,3415.186279,1046.964844,671.628784,,,,,,,,,,,,,,,
207,1.725000,0.607112,-0.129714,-0.226543,0.750511,3415.186279,1046.964844,671.628784,,,,,,,,,,,,,,,
208,1.733333,0.607112,-0.129714,-0.226543,0.750511,3415.186279,1046.964844,671.628784,,,,,,,,,,,,,,,
209,1.741667,0.607112,-0.129714,-0.226543,0.750511,3415.186279,1046.964844,671.628784,,,,,,,,,,,,,,,
210,1.750000,0.607112,-0.129714,-0.226543,0.750511,3415.186279,1046.964844,671.628784,,,,,,,,,,,,,,,
211,1.758333,0.607112,-0.129714,-0.226543,0.750511,3415.186279,1046.964844,671.628784,,,,,,,,,,,,,,,
212,1.766667,0.607112,-0.129714,-0.226543,0.750511,3415.186279,1046.964844,671.628784,,,,,,,,,,,,,,,
213,1.775000,0.607112,-0.129714,-0.226543,0.750511,3415.186279,1046.964844,671.628784,,,,,,,,,,,,,,,
214,1.783333,0.607112,-0.129714,-0.226543,0.750511,3415.186279,1046.964844,671.628784,,,,,,,,,,,,,,,
215,1.791667,0.607112,-0.129714,-0.226543,0.750511,3415.186279,1046.964844,671.628784,,,,,,,,,,,,,,,
216,1.800000,0.607112,-0.129714,-0.226543,0.750511,3415.186279,1046.964844,671.628784,,,,,,,,,,,,,,,
217,1.808333,0.607112,-0.129714,-0.226543,0.750511,3415.186279,1046.964844,671.628784,,,,,,,,,,,,,,,
218,1.816667,0.607112,-0.129714,-0.226543,0.750511,3415.186279,1046.964844,671.628784,,,,,,,,,,,,,,,
219,1.825000,0.607112,-0.129714,-0.226543,0.750511,3415.186279,1046.964844,671.628784,,,,,,,,,,,,,,,
220,1.833333,0.607112,-0.129714,-0.226543,0.750511,3415.186279,1046.964844,671.628784,,,,,,,,,,,,,,,
221,1.841667,0.607112,-0.129714,-0.226543,0.750511,3415.186279,1046.964844,671.628784,,,,,,,,,,,,,,,
222,1.850000,0.607112,-0.129714,-0.226543,0.750511,3415.186279,1046.964844,671.628784,,,,,,,,,,,,,,,
223,1.858333,0.607112,-0.129714,-0.226543,0.750511,3415.186279,1046.964844,671.628784,,,,,,,,,,,,,,,
224,1.866667,0.607112,-0.129714,-0.226543,0.750511,3415.186279,1046.964844,671.628784,,,,,,,,,,,,,,,
225,1.875000,0.607112,-0.129714,-0.226543,0.750511,3415.186279,1046.964844,671.628784,,,,,,,,,,,,,,,
226,1.883333,0.607112,-0.129714,-0.226543,0.750511,3415.186279,1046.964844,671.628784,,,,,,,,,,,,,,,
227,1.891667,0.607112,-0.129714,-0.226543,0.750511,3415.186279,1046.964844,671.628784,,,,,,,,,,,,,,,
228,1.900000,0.607112,-0.129714,-0.226543,0.750511,3415.186279,1046.964844,671.628784,,,,,,,,,,,,,,,
229,1.908333,0.607112,-0.129714,-0.226543,0.750511,3415.186279,1046.964844,671.628784,,,,,,,,,,,,,,,
230,1.916667,0.607112,-0.129714,-0.226543,0.750511,3415.186279,1046.964844,671.628784,,,,,,,,,,,,,,,
231,1.925000,0.607112,-0.129714,-0.226543,0.750511,3415.186279,1046.964844,671.628784,,,,,,,,,,,,,,,
232,1.933333,0.607112,-0.129714,-0.226543,0.750511,3415.186279,1046.964844,671.628784,,,,,,,,,,,,,,,
233,1.941667,0.607112,-0.129714,-0.226543,0.750511,3415.186279,1046.964844,671.628784,,,,,,,,,,,,,,,
234,1.950000,0.607112,-0.129714,-0.226543,0.750511,3415.186279,1046.964844,671.628784,,,,,,,,,,,,,,,
235,1.958333,0.607112,-0.129714,-0.226543,0.750511,3415.186279,1046.964844,671.628784,,,,,,,,,,,,,,,
236,1.966667,0.607112,-0.129714,-0.226543,0.750511,3415.186279,1046.964844,671.628784,,,,,,,,,,,,,,,
237,1.975000,0.607112,-0.129714,-0.226543,0.750511,3415.186279,1046.964844,671.628784,,,,,,,,,,,,,,,
238,1.983333,0.607112,-0.129714,-0.226543,0.750511,3415.186279,1046.964844,671.628784,,,,,,,,,,,,,,,
239,1.991667,0.607112,-0.129714,-0.226543,0.750511,3415.186279,1046.964844,671.628784,,,,,,,,,,,,,,,
240,2.000000,0.607112,-0.129714,-0.226543,0.750511,3415.186279,1046.964844,671.628784,,,,,,,,,,,,,,,
241,2.008333,0.607112,-0.129714,-0.226543,0.750511,3415.186279,1046.964844,671.628784,,,,,,,,,,,,,,,
242,2.016667,0.607112,-0.129714,-0.226543,0.750511,3415.186279,1046.964844,671.628784,,,,,,,,,,,,,,,
243,2.025000,0.607112,-0.129714,-0.226543,0.750511,3415.186279,1046.964844,671.628784,,,,,,,,,,,,,,,
244,2.033333,0.607112,-0.129714,-0.226543,0.750511,3415.186279,1046.964844,671.628784,,,,,,,,,,,,,,,
245,2.041667,0.607112,-0.129714,-0.226543,0.750511,3415.186279,1046.964844,671.628784,,,,,,,,,,,,,,,
246,2.050000,0.607112,-0.129714,-0.226543,0.750511,3415.186279,1046.964844,671.628784,,,,,,,,,,,,,,,
247,2.058333,0.607112,-0.129714,-0.226543,0.750511,3415.186279,1046.964844,671.628784,,,,,,,,,,,,,,,
248,2.066667,0.607112,-0.129714,-0.226543,0.750511,3415.186279,1046.964844,671.628784,,,,,,,,,,,,,,,
249,2.075000,0.607112,-0.129714,-0.226543,0.750511,3415.186279,1046.964844,671.628784,,,,,,,,,,,,,,,
250,2.083333,0.607112,-0.129714,-0.226543,0.750511,3415.186279,1046.964844,671.628784,,,,,,,,,,,,,,,
251,2.091667,0.607112,-0.129714,-0.226543,0.750511,3415.186279,1046.964844,671.628784,,,,,,,,,,,,,,,
252,2.100000,0.607112,-0.129714,-0.226543,0.750511,3415.186279,1046.964844,671.628784,,,,,,,,,,,,,,,
253,2.108333,0.607112,-0.129714,-0.226543,0.750511,3415.186279,1046.964844,671.628784,,,,,,,,,,,,,,,
254,2.116667,0.607112,-0.129714,-0.226543,0.750511,3415.186279,1046.964844,671.628784,,,,,,,,,,,,,,,
255,2.125000,0.607112,-0.129714,-0.226543,0.750511,3415.186279,1046.964844,671.628784,,,,,,,,,,,,,,,
256,2.133333,0.607112,-0.129714,-0.226543,0.750511,3415.186279,1046.964844,671.628784,,,,,,,,,,,,,,,
257,2.141667,0.607112,-0.129714,-0.226543,0.750511,3415.186279,1046.964844,671.628784,,,,,,,,,,,,,,,
258,2.150000,0.607112,-0.129714,-0.226543,0.750511,3415.186279,1046.964844,671.628784,,,,,,,,,,,,,,,
259,2.158333,0.607112,-0.129714,-0.226543,0.750511,3415.186279,1046.964844,671.628784,,,,,,,,,,,,,,,
260,2.166667,0.607112,-0.129714,-0.226543,0.750511,3415.186279,1046.964844,671.628784,,,,,,,,,,,,,,,
261,2.175000,0.607112,-0.129714,-0.226543,0.750511,3415.186279,1046.964844,671.628784,,,,,,,,,,,,,,,
262,2.183333,0.607112,-0.129714,-0.226543,0.750511,3415.186279,1046.964844,671.628784,,,,,,,,,,,,,,,
263,2.191667,0.607112,-0.129714,-0.226543,0.750511,3415.186279,1046.964844,671.628784,,,,,,,,,,,,,,,
264,2.200000,0.607112,-0.129714,-0.226543,0.750511,3415.186279,1046.964844,671.628784,,,,,,,,,,,,,,,
265,2.208333,0.607112,-0.129714,-0.226543,0.750511,3415.186279,1046.964844,671.628784,,,,,,,,,,,,,,,
266,2.216667,0.607112,-0.129714,-0.226543,0.750511,3415.186279,1046.964844,671.628784,,,,,,,,,,,,,,,
267,2.225000,0.607112,-0.129714,-0.226543,0.750511,3415.186279,1046.964844,671.628784,,,,,,,,,,,,,,,
268,2.233333,0.607112,-0.129714,-0.226543,0.750511,3415.186279,1046.964844,671.628784,,,,,,,,,,,,,,,
269,2.241667,0.607112,-0.129714,-0.226543,0.750511,3415.186279,1046.964844,671.628784,,,,,,,,,,,,,,,
270,2.250000,0.607112,-0.129714,-0.226543,0.750511,3415.186279,1046.964844,671.628784,,,,,,,,,,,,,,,
271,2.258333,0.607112,-0.129714,-0.226543,0.750511,3415.186279,1046.964844,671.628784,,,,,,,,,,,,,,,
272,2.266667,0.607112,-0.129714,-0.226543,0.750511,3415.186279,1046.964844,671.628784,,,,,,,,,,,,,,,
273,2.275000,0.607112,-0.129714,-0.226543,0.750511,3415.186279,1046.964844,671.628784,,,,,,,,,,,,,,,
274,2.283333,0.607112,-0.129714,-0.226543,0.750511,3415.186279,1046.964844,671.628784,,,,,,,,,,,,,,,
275,2.291667,0.607112,-0.129714,-0.226543,0.750511,3415.186279,1046.964844,671.628784,,,,,,,,,,,,,,,
276,2.300000,0.607112,-0.129714,-0.226543,0.750511,3415.186279,1046.964844,671.628784,,,,,,,,,,,,,,,
277,2.308333,0.607112,-0.129714,-0.226543,0.750511,3415.186279,1046.964844,671.628784,,,,,,,,,,,,,,,
278,2.316667,0.607112,-0.129714,-0.226543,0.750511,3415.186279,1046.964844,671.628784,,,,,,,,,,,,,,,
279,2.325000,0.607112,-0.129714,-0.226543,0.750511,3415.186279,1046.964844,671.628784,,,,,,,,,,,,,,,
280,2.333333,0.607112,-0.129714,-0.226543,0.750511,3415.186279,1046.964844,671.628784,,,,,,,,,,,,,,,
281,2.341667,0.607112,-0.129714,-0.226543,0.750511,3415.186279,1046.964844,671.628784,,,,,,,,,,,,,,,
282,2.350000,0.607112,-0.129714,-0.226543,0.750511,3415.186279,1046.964844,671.628784,,,,,,,,,,,,,,,
283,2.358333,0.607112,-0.129714,-0.226543,0.750511,3415.186279,1046.964844,671.628784,,,,,,,,,,,,,,,
284,2.366667,0.607112,-0.129714,-0.226543,0.750511,3415.186279,1046.964844,671.628784,,,,,,,,,,,,,,,
285,2.375000,0.607112,-0.129714,-0.226543,0.750511,3415.186279,1046.964844,671.628784,,,,,,,,,,,,,,,
286,2.383333,0.607112,-0.129714,-0.226543,0.750511,3415.186279,1046.964844,671.628784,,,,,,,,,,,,,,,
287,2.391667,0.607112,-0.129714,-0.226543,0.750511,3415.186279,1046.964844,671.628784,,,,,,,,,,,,,,,
288,2.400000,0.607112,-0.129714,-0.226543,0.750511,3415.186279,1046.964844,671.628784,,,,,,,,,,,,,,,
289,2.408333,0.607112,-0.129714,-0.226543,0.750511,3415.186279,1046.964844,671.628784,,,,,,,,,,,,,,,
290,2.416667,0.607112,-0.129714,-0.226543,0.750511,3415.186279,1046.964844,671.628784,,,,,,,,,,,,,,,
291,2.425000,0.607112,-0.129714,-0.226543,0.750511,3415.186279,1046.964844,671.628784,,,,,,,,,,,,,,,
292,2.433333,0.607112,-0.129714,-0.226543,0.750511,3415.186279,1046.964844,671.628784,,,,,,,,,,,,,,,
293,2.441667,0.607112,-0.129714,-0.226543,0.750511,3415.186279,1046.964844,671.628784,,,,,,,,,,,,,,,
294,2.450000,0.607112,-0.129714,-0.226543,0.750511,3415.186279,1046.964844,671.628784,,,,,,,,,,,,,,,
295,2.458333,0.607112,-0.129714,-0.226543,0.750511,3415.186279,1046.964844,671.628784,,,,,,,,,,,,,,,
296,2.466667,0.607112,-0.129714,-0.226543,0.750511,3415.186279,1046.964844,671.628784,,,,,,,,,,,,,,,
297,2.475000,0.607112,-0.129714,-0.226543,0.750511,3415.186279,1046.964844,671.628784,,,,,,,,,,,,,,,
298,2.483333,0.607112,-0.129714,-0.226543,0.750511,3415.186279,1046.964844,671.628784,,,,,,,,,,,,,,,
299,2.491667,0.607112,-0.129714,-0.226543,0.750511,3415.186279,1046.964844,671.628784,,,,,,,,,,,,,,,
300,2.500000,0.607112,-0.129714,-0.226543,0.750511,3415.186279,1046.964844,671.628784,,,,,,,,,,,,,,,
301,2.508333,0.607112,-0.129714,-0.226543,0.750511,3415.186279,1046.964844,671.628784,,,,,,,,,,,,,,,
302,2.516667,0.607112,-0.129714,-0.226543,0.750511,3415.186279,1046.964844,671.628784,,,,,,,,,,,,,,,
303,2.525000,0.607112,-0.129714,-0.226543,0.750511,3415.186279,1046.964844,671.628784,,,,,,,,,,,,,,,
304,2.533333,0.607112,-0.129714,-0.226543,0.750511,3415.186279,1046.964844,671.628784,,,,,,,,,,,,,,,
305,2.541667,0.607112,-0.129714,-0.226543,0.750511,3415.186279,1046.964844,671.628784,,,,,,,,,,,,,,,
306,2.550000,0.607112,-0.129714,-0.226543,0.750511,3415.186279,1046.964844,671.628784,,,,,,,,,,,,,,,
307,2.558333,0.607112,-0.129714,-0.226543,0.750511,3415.186279,1046.964844,671.628784,,,,,,,,,,,,,,,
308,2.566667,0.607112,-0.129714,-0.226543,0.750511,3415.186279,1046.964844,671.628784,,,,,,,,,,,,,,,
309,2.575000,0.607112,-0.129714,-0.226543,0.750511,3415.186279,1046.964844,671.628784,,,,,,,,,,,,,,,
310,2.583333,0.607112,-0.129714,-0.226543,0.750511,3415.186279,1046.964844,671.628784,,,,,,,,,,,,,,,
311,2.591667,0.607112,-0.129714,-0.226543,0.750511,3415.186279,1046.964844,671.628784,,,,,,,,,,,,,,,
312,2.600000,0.607112,-0.129714,-0.226543,0.750511,3415.186279,1046.964844,671.628784,,,,,,,,,,,,,,,
313,2.608333,0.607112,-0.129714,-0.226543,0.750511,3415.186279,1046.964844,671.628784,,,,,,,,,,,,,,,
314,2.616667,0.607112,-0.129714,-0.226543,0.750511,3415.186279,1046.964844,671.628784,,,,,,,,,,,,,,,
315,2.625000,0.607112,-0.129714,-0.226543,0.750511,3415.186279,1046.964844,671.628784,,,,,,,,,,,,,,,
316,2.633333,0.607112,-0.129714,-0.226543,0.750511,3415.186279,1046.964844,671.628784,,,,,,,,,,,,,,,
317,2.641667,0.607112,-0.129714,-0.226543,0.750511,3415.186279,1046.964844,671.628784,,,,,,,,,,,,,,,
318,2.650000,0.607112,-0.129714,-0.226543,0.750511,3415.186279,1046.964844,671.628784,,,,,,,,,,,,,,,
319,2.658333,0.607112,-0.129714,-0.226543,0.750511,3415.186279,1046.964844,671.628784,,,,,,,,,,,,,,,
320,2.666667,0.607112,-0.129714,-0.226543,0.750511,3415.186279,1046.964844,671.628784,,,,,,,,,,,,,,,
321,2.675000,0.607112,-0.129714,-0.226543,0.750511,3415.186279,1046.964844,671.628784,,,,,,,,,,,,,,,
322,2.683333,0.607112,-0.129714,-0.226543,0.750511,3415.186279,1046.964844,671.628784,,,,,,,,,,,,,,,
323,2.691667,0.607112,-0.129714,-0.226543,0.750511,3415.186279,1046.964844,671.628784,,,,,,,,,,,,,,,
324,2.700000,0.607112,-0.129714,-0.226543,0.750511,3415.186279,1046.964844,671.628784,,,,,,,,,,,,,,,
325,2.708333,0.607112,-0.129714,-0.226543,0.750511,3415.186279,1046.964844,671.628784,,,,,,,,,,,,,,,
326,2.716667,0.607112,-0.129714,-0.226543,0.750511,3415.186279,1046.964844,671.628784,,,,,,,,,,,,,,,
327,2.725000,0.607112,-0.129714,-0.226543,0.750511,3415.186279,1046.964844,671.628784,,,,,,,,,,,,,,,
328,2.733333,0.607112,-0.129714,-0.226543,0.750511,3415.186279,1046.964844,671.628784,,,,,,,,,,,,,,,
329,2.741667,0.607112,-0.129714,-0.226543,0.750511,3415.186279,1046.964844,671.628784,,,,,,,,,,,,,,,
330,2.750000,0.607112,-0.129714,-0.226543,0.750511,3415.186279,1046.964844,671.628784,,,,,,,,,,,,,,,
331,2.758333,0.607112,-0.129714,-0.226543,0.750511,3415.186279,1046.964844,671.628784,,,,,,,,,,,,,,,
332,2.766667,0.607112,-0.129714,-0.226543,0.750511,3415.186279,1046.964844,671.628784,,,,,,,,,,,,,,,
333,2.775000,0.607112,-0.129714,-0.226543,0.750511,3415.186279,1046.964844,671.628784,,,,,,,,,,,,,,,
334,2.783333,0.607112,-0.129714,-0.226543,0.750511,3415.186279,1046.964844,671.628784,,,,,,,,,,,,,,,
335,2.791667,0.607112,-0.129714,-0.226543,0.750511,3415.186279,1046.964844,671.628784,,,,,,,,,,,,,,,
336,2.800000,0.607112,-0.129714,-0.226543,0.750511,3415.186279,1046.964844,671.628784,,,,,,,,,,,,,,,
337,2.808333,0.607112,-0.129714,-0.226543,0.750511,3415.186279,1046.964844,671.628784,,,,,,,,,,,,,,,
338,2.816667,0.607112,-0.129714,-0.226543,0.750511,3415.186279,1046.964844,671.628784,,,,,,,,,,,,,,,
339,2.825000,0.607112,-0.129714,-0.226543,0.750511,3415.186279,1046.964844,671.628784,,,,,,,,,,,,,,,
340,2.833333,0.607112,-0.129714,-0.226543,0.750511,3415.186279,1046.964844,671.628784,,,,,,,,,,,,,,,
341,2.841667,0.607112,-0.129714,-0.226543,0.750511,3415.186279,1046.964844,671.628784,,,,,,,,,,,,,,,
342,2.850000,0.607112,-0.129714,-0.226543,0.750511,3415.186279,1046.964844,671.628784,,,,,,,,,,,,,,,
343,2.858333,0.607112,-0.129714,-0.226543,0.750511,3415.186279,1046.964844,671.628784,,,,,,,,,,,,,,,
344,2.866667,0.607112,-0.129714,-0.226543,0.750511,3415.186279,1046.964844,671.628784,,,,,,,,,,,,,,,
345,2.875000,0.607112,-0.129714,-0.226543,0.750511,3415.186279,1046.964844,671.628784,,,,,,,,,,,,,,,
346,2.883333,0.607112,-0.129714,-0.226543,0.750511,3415.186279,1046.964844,671.628784,,,,,,,,,,,,,,,
347,2.891667,0.607112,-0.129714,-0.226543,0.750511,3415.186279,1046.964844,671.628784,,,,,,,,,,,,,,,
348,2.900000,0.607112,-0.129714,-0.226543,0.750511,3415.186279,1046.964844,671.628784,,,,,,,,,,,,,,,
349,2.908333,0.607112,-0.129714,-0.226543,0.750511,3415.186279,1046.964844,671.628784,,,,,,,,,,,,,,,
350,2.916667,0.607112,-0.129714,-0.226543,0.750511,3415.186279,1046.964844,671.628784,,,,,,,,,,,,,,,
351,2.925000,0.607112,-0.129714,-0.226543,0.750511,3415.186279,1046.964844,671.628784,,,,,,,,,,,,,,,
352,2.933333,0.607112,-0.129714,-0.226543,0.750511,3415.186279,1046.964844,671.628784,,,,,,,,,,,,,,,
353,2.941667,0.607112,-0.129714,-0.226543,0.750511,3415.186279,1046.964844,671.628784,,,,,,,,,,,,,,,
